tx_hash,timestamp_utc,source_address,destination_address,amount,token_mint_address,transaction_type
2uXDSeGLQ5LsbFPr9KzPbqxKo3GrBSE7NoUYg39tKRR5VTsqpfSsUkCGNnBme8jnZ5MyJCkiBmQjbq3v4wtcfcAP,2024-11-08T13:56:03Z,ndjGh8iMeCRUfAag1nTB8PbFaimDXYVB1ZpPdA6Viyh,8naM4tDrDE2J5np6wwQ7YeALxWXC1zbRqZ7ui4z7Vat1,0.03,So11111111111111111111111111111111111111112,NATIVE_TRANSFER
roqxEBgpVThDZ8YMhc3zAPyseaUxpazdB5WabV8BBvGpsxc8LGMeknkD48WgNYvAQkmunEQJ8gwKfcb7zP2AVjR,2024-11-08T00:48:07Z,ur4ud1HWUX9WRtGWMKwbo9EBPPjShcqTjdxEZWwjg3w,ndjGbwtssy9ZQAozRK8W16fFHsQqNi6iv8eD23J8T9h,1e-06,So11111111111111111111111111111111111111112,NATIVE_TRANSFER
roqxEBgpVThDZ8YMhc3zAPyseaUxpazdB5WabV8BBvGpsxc8LGMeknkD48WgNYvAQkmunEQJ8gwKfcb7zP2AVjR,2024-11-08T00:48:07Z,ndjGbwtssy9ZQAozRK8W16fFHsQqNi6iv8eD23J8T9h,HmqKVJtEer98huzx762VY9ua8RpCYGUyMZn5TdJGW4Fv,1e-06,So11111111111111111111111111111111111111112,NATIVE_TRANSFER
roqxEBgpVThDZ8YMhc3zAPyseaUxpazdB5WabV8BBvGpsxc8LGMeknkD48WgNYvAQkmunEQJ8gwKfcb7zP2AVjR,2024-11-08T00:48:07Z,ur4ud1HWUX9WRtGWMKwbo9EBPPjShcqTjdxEZWwjg3w,HmqKJyun4fdBi8VYydrm4fuGbgEbNWyfgv9W1HZ6D4Av,1e-06,So11111111111111111111111111111111111111112,NATIVE_TRANSFER
roqxEBgpVThDZ8YMhc3zAPyseaUxpazdB5WabV8BBvGpsxc8LGMeknkD48WgNYvAQkmunEQJ8gwKfcb7zP2AVjR,2024-11-08T00:48:07Z,HmqKJyun4fdBi8VYydrm4fuGbgEbNWyfgv9W1HZ6D4Av,ndjGh8iMeCRUfAag1nTB8PbFaimDXYVB1ZpPdA6Viyh,1e-06,So11111111111111111111111111111111111111112,NATIVE_TRANSFER
5FmAdQiRfrk3gaEXiwaWgAn9Nh5fpkLrSFX5nm9kcsXUVjK91BUzjhuPrmk1jz4g2ZcpC1omV94Bv8TrL9FFN1ez,2024-11-08T00:45:41Z,ur4ud1HWUX9WRtGWMKwbo9EBPPjShcqTjdxEZWwjg3w,ndjGbwtssy9ZQAozRK8W16fFHsQqNi6iv8eD23J8T9h,1e-06,So11111111111111111111111111111111111111112,NATIVE_TRANSFER
5FmAdQiRfrk3gaEXiwaWgAn9Nh5fpkLrSFX5nm9kcsXUVjK91BUzjhuPrmk1jz4g2ZcpC1omV94Bv8TrL9FFN1ez,2024-11-08T00:45:41Z,ndjGbwtssy9ZQAozRK8W16fFHsQqNi6iv8eD23J8T9h,HmqKVJtEer98huzx762VY9ua8RpCYGUyMZn5TdJGW4Fv,1e-06,So11111111111111111111111111111111111111112,NATIVE_TRANSFER
5FmAdQiRfrk3gaEXiwaWgAn9Nh5fpkLrSFX5nm9kcsXUVjK91BUzjhuPrmk1jz4g2ZcpC1omV94Bv8TrL9FFN1ez,2024-11-08T00:45:41Z,ur4ud1HWUX9WRtGWMKwbo9EBPPjShcqTjdxEZWwjg3w,HmqKJyun4fdBi8VYydrm4fuGbgEbNWyfgv9W1HZ6D4Av,1e-06,So11111111111111111111111111111111111111112,NATIVE_TRANSFER
5FmAdQiRfrk3gaEXiwaWgAn9Nh5fpkLrSFX5nm9kcsXUVjK91BUzjhuPrmk1jz4g2ZcpC1omV94Bv8TrL9FFN1ez,2024-11-08T00:45:41Z,HmqKJyun4fdBi8VYydrm4fuGbgEbNWyfgv9W1HZ6D4Av,ndjGh8iMeCRUfAag1nTB8PbFaimDXYVB1ZpPdA6Viyh,1e-06,So11111111111111111111111111111111111111112,NATIVE_TRANSFER
2bj8zgGoAhEfWCMT1z3Pazf7ssQ6boqbattRMqDpXE8WjShqWV9uwoLMNDKeCiuPCQufiGfJDNcMAY1niUgGd8J3,2024-11-08T00:45:33Z,Habp5bncMSsBC3vkChyebepym5dcTNRYeg2LVG464E96,DHWTBpcSkBGmWx1zS6z819W98VSQpA3azGeX4nXVPg7c,1e-07,So11111111111111111111111111111111111111112,NATIVE_TRANSFER
2bj8zgGoAhEfWCMT1z3Pazf7ssQ6boqbattRMqDpXE8WjShqWV9uwoLMNDKeCiuPCQufiGfJDNcMAY1niUgGd8J3,2024-11-08T00:45:33Z,Habp5bncMSsBC3vkChyebepym5dcTNRYeg2LVG464E96,5XbaxA5zxT2qazow51xRQsaQW8dR6kFPCB64btZr79hz,1e-07,So11111111111111111111111111111111111111112,NATIVE_TRANSFER
2bj8zgGoAhEfWCMT1z3Pazf7ssQ6boqbattRMqDpXE8WjShqWV9uwoLMNDKeCiuPCQufiGfJDNcMAY1niUgGd8J3,2024-11-08T00:45:33Z,Habp5bncMSsBC3vkChyebepym5dcTNRYeg2LVG464E96,286dsGdLVtYWXX3Pg1X4tTjeiYSnFyrteqQL2SC2hWZf,1e-07,So11111111111111111111111111111111111111112,NATIVE_TRANSFER
2bj8zgGoAhEfWCMT1z3Pazf7ssQ6boqbattRMqDpXE8WjShqWV9uwoLMNDKeCiuPCQufiGfJDNcMAY1niUgGd8J3,2024-11-08T00:45:33Z,Habp5bncMSsBC3vkChyebepym5dcTNRYeg2LVG464E96,3Z4gNvGJCC7Q9WE9pjiDAUwuyQpyJox13TpRoc2Lr4zN,1e-07,So11111111111111111111111111111111111111112,NATIVE_TRANSFER
2bj8zgGoAhEfWCMT1z3Pazf7ssQ6boqbattRMqDpXE8WjShqWV9uwoLMNDKeCiuPCQufiGfJDNcMAY1niUgGd8J3,2024-11-08T00:45:33Z,Habp5bncMSsBC3vkChyebepym5dcTNRYeg2LVG464E96,7R8SBAeeT82VYMTTgVQCn6tuchT8AmDyE5N5DnUx9Mig,1e-07,So11111111111111111111111111111111111111112,NATIVE_TRANSFER
2bj8zgGoAhEfWCMT1z3Pazf7ssQ6boqbattRMqDpXE8WjShqWV9uwoLMNDKeCiuPCQufiGfJDNcMAY1niUgGd8J3,2024-11-08T00:45:33Z,Habp5bncMSsBC3vkChyebepym5dcTNRYeg2LVG464E96,BHW8HtMf26Yi5Ec85tWAwdC28bxrbrX6VjKMJYbxUQbc,1e-07,So11111111111111111111111111111111111111112,NATIVE_TRANSFER
2bj8zgGoAhEfWCMT1z3Pazf7ssQ6boqbattRMqDpXE8WjShqWV9uwoLMNDKeCiuPCQufiGfJDNcMAY1niUgGd8J3,2024-11-08T00:45:33Z,Habp5bncMSsBC3vkChyebepym5dcTNRYeg2LVG464E96,8tChUVvehjvkuVZTWmvSnS3frZon5U4yP98pjDheTezi,1e-07,So11111111111111111111111111111111111111112,NATIVE_TRANSFER
2bj8zgGoAhEfWCMT1z3Pazf7ssQ6boqbattRMqDpXE8WjShqWV9uwoLMNDKeCiuPCQufiGfJDNcMAY1niUgGd8J3,2024-11-08T00:45:33Z,Habp5bncMSsBC3vkChyebepym5dcTNRYeg2LVG464E96,GMCWDudNsGhNpeMERmFzNJFRPCQd4KeyBhEPK2uQu6cr,1e-07,So11111111111111111111111111111111111111112,NATIVE_TRANSFER
2bj8zgGoAhEfWCMT1z3Pazf7ssQ6boqbattRMqDpXE8WjShqWV9uwoLMNDKeCiuPCQufiGfJDNcMAY1niUgGd8J3,2024-11-08T00:45:33Z,Habp5bncMSsBC3vkChyebepym5dcTNRYeg2LVG464E96,4oUJHiPzGHWy7TPWieat6XA9MTfZmGVbmdvCVtUUzucZ,1e-07,So11111111111111111111111111111111111111112,NATIVE_TRANSFER
2bj8zgGoAhEfWCMT1z3Pazf7ssQ6boqbattRMqDpXE8WjShqWV9uwoLMNDKeCiuPCQufiGfJDNcMAY1niUgGd8J3,2024-11-08T00:45:33Z,Habp5bncMSsBC3vkChyebepym5dcTNRYeg2LVG464E96,7MF1JUGbFvNdrdCyMDUKMe2qR4ciA9sPtBQv6B2dKRv3,1e-07,So11111111111111111111111111111111111111112,NATIVE_TRANSFER
2bj8zgGoAhEfWCMT1z3Pazf7ssQ6boqbattRMqDpXE8WjShqWV9uwoLMNDKeCiuPCQufiGfJDNcMAY1niUgGd8J3,2024-11-08T00:45:33Z,Habp5bncMSsBC3vkChyebepym5dcTNRYeg2LVG464E96,G5Qb5uKSnjeFAZwbuxy14xJJXJ7ES9nA7sPzVm7tCCkz,1e-07,So11111111111111111111111111111111111111112,NATIVE_TRANSFER
2bj8zgGoAhEfWCMT1z3Pazf7ssQ6boqbattRMqDpXE8WjShqWV9uwoLMNDKeCiuPCQufiGfJDNcMAY1niUgGd8J3,2024-11-08T00:45:33Z,Habp5bncMSsBC3vkChyebepym5dcTNRYeg2LVG464E96,3fzXXTSfH7oHJn6QBbJ932ncvYagT7LkXdKkwXFT5D9z,1e-07,So11111111111111111111111111111111111111112,NATIVE_TRANSFER
2bj8zgGoAhEfWCMT1z3Pazf7ssQ6boqbattRMqDpXE8WjShqWV9uwoLMNDKeCiuPCQufiGfJDNcMAY1niUgGd8J3,2024-11-08T00:45:33Z,Habp5bncMSsBC3vkChyebepym5dcTNRYeg2LVG464E96,st1n8sf9CjzGn4aV6zF2trpgHC2dqbFsbQNDcsFCALM,1e-07,So11111111111111111111111111111111111111112,NATIVE_TRANSFER
2bj8zgGoAhEfWCMT1z3Pazf7ssQ6boqbattRMqDpXE8WjShqWV9uwoLMNDKeCiuPCQufiGfJDNcMAY1niUgGd8J3,2024-11-08T00:45:33Z,Habp5bncMSsBC3vkChyebepym5dcTNRYeg2LVG464E96,ndjGh8iMeCRUfAag1nTB8PbFaimDXYVB1ZpPdA6Viyh,1e-07,So11111111111111111111111111111111111111112,NATIVE_TRANSFER
2bj8zgGoAhEfWCMT1z3Pazf7ssQ6boqbattRMqDpXE8WjShqWV9uwoLMNDKeCiuPCQufiGfJDNcMAY1niUgGd8J3,2024-11-08T00:45:33Z,Habp5bncMSsBC3vkChyebepym5dcTNRYeg2LVG464E96,3gXdCS2muha65STzsBAe1xCSo9sD54WovCkwsv2YdHju,1e-07,So11111111111111111111111111111111111111112,NATIVE_TRANSFER
2bj8zgGoAhEfWCMT1z3Pazf7ssQ6boqbattRMqDpXE8WjShqWV9uwoLMNDKeCiuPCQufiGfJDNcMAY1niUgGd8J3,2024-11-08T00:45:33Z,Habp5bncMSsBC3vkChyebepym5dcTNRYeg2LVG464E96,ENAxjhEEtjC3N81PDPw75k5ZUACW5Uy1WqFz7YLB6z7p,1e-07,So11111111111111111111111111111111111111112,NATIVE_TRANSFER
2bj8zgGoAhEfWCMT1z3Pazf7ssQ6boqbattRMqDpXE8WjShqWV9uwoLMNDKeCiuPCQufiGfJDNcMAY1niUgGd8J3,2024-11-08T00:45:33Z,Habp5bncMSsBC3vkChyebepym5dcTNRYeg2LVG464E96,GfKA5P4HA5Q5naZNoGrH85ea3uLgBf9TcY9sJKjjmvdy,1e-07,So11111111111111111111111111111111111111112,NATIVE_TRANSFER
ddUpJ7WS7oGnWMDSQpY6vbnNzSk8sAAuuvRmbvFtBnUAGKLV5wmauhGiR6Ww8p12G2ZQS43BAQqMSnevhnwLFqy,2024-11-08T00:45:33Z,fLiPgg2yTvmgfhiPkKriAHkDmmXGP6CdeFX9UF5o7Zc,DHWTBpcSkBGmWx1zS6z819W98VSQpA3azGeX4nXVPg7c,1e-07,So11111111111111111111111111111111111111112,NATIVE_TRANSFER
ddUpJ7WS7oGnWMDSQpY6vbnNzSk8sAAuuvRmbvFtBnUAGKLV5wmauhGiR6Ww8p12G2ZQS43BAQqMSnevhnwLFqy,2024-11-08T00:45:33Z,fLiPgg2yTvmgfhiPkKriAHkDmmXGP6CdeFX9UF5o7Zc,5XbaxA5zxT2qazow51xRQsaQW8dR6kFPCB64btZr79hz,1e-07,So11111111111111111111111111111111111111112,NATIVE_TRANSFER
ddUpJ7WS7oGnWMDSQpY6vbnNzSk8sAAuuvRmbvFtBnUAGKLV5wmauhGiR6Ww8p12G2ZQS43BAQqMSnevhnwLFqy,2024-11-08T00:45:33Z,fLiPgg2yTvmgfhiPkKriAHkDmmXGP6CdeFX9UF5o7Zc,286dsGdLVtYWXX3Pg1X4tTjeiYSnFyrteqQL2SC2hWZf,1e-07,So11111111111111111111111111111111111111112,NATIVE_TRANSFER
ddUpJ7WS7oGnWMDSQpY6vbnNzSk8sAAuuvRmbvFtBnUAGKLV5wmauhGiR6Ww8p12G2ZQS43BAQqMSnevhnwLFqy,2024-11-08T00:45:33Z,fLiPgg2yTvmgfhiPkKriAHkDmmXGP6CdeFX9UF5o7Zc,3Z4gNvGJCC7Q9WE9pjiDAUwuyQpyJox13TpRoc2Lr4zN,1e-07,So11111111111111111111111111111111111111112,NATIVE_TRANSFER
ddUpJ7WS7oGnWMDSQpY6vbnNzSk8sAAuuvRmbvFtBnUAGKLV5wmauhGiR6Ww8p12G2ZQS43BAQqMSnevhnwLFqy,2024-11-08T00:45:33Z,fLiPgg2yTvmgfhiPkKriAHkDmmXGP6CdeFX9UF5o7Zc,7R8SBAeeT82VYMTTgVQCn6tuchT8AmDyE5N5DnUx9Mig,1e-07,So11111111111111111111111111111111111111112,NATIVE_TRANSFER
ddUpJ7WS7oGnWMDSQpY6vbnNzSk8sAAuuvRmbvFtBnUAGKLV5wmauhGiR6Ww8p12G2ZQS43BAQqMSnevhnwLFqy,2024-11-08T00:45:33Z,fLiPgg2yTvmgfhiPkKriAHkDmmXGP6CdeFX9UF5o7Zc,BHW8HtMf26Yi5Ec85tWAwdC28bxrbrX6VjKMJYbxUQbc,1e-07,So11111111111111111111111111111111111111112,NATIVE_TRANSFER
ddUpJ7WS7oGnWMDSQpY6vbnNzSk8sAAuuvRmbvFtBnUAGKLV5wmauhGiR6Ww8p12G2ZQS43BAQqMSnevhnwLFqy,2024-11-08T00:45:33Z,fLiPgg2yTvmgfhiPkKriAHkDmmXGP6CdeFX9UF5o7Zc,8tChUVvehjvkuVZTWmvSnS3frZon5U4yP98pjDheTezi,1e-07,So11111111111111111111111111111111111111112,NATIVE_TRANSFER
ddUpJ7WS7oGnWMDSQpY6vbnNzSk8sAAuuvRmbvFtBnUAGKLV5wmauhGiR6Ww8p12G2ZQS43BAQqMSnevhnwLFqy,2024-11-08T00:45:33Z,fLiPgg2yTvmgfhiPkKriAHkDmmXGP6CdeFX9UF5o7Zc,GMCWDudNsGhNpeMERmFzNJFRPCQd4KeyBhEPK2uQu6cr,1e-07,So11111111111111111111111111111111111111112,NATIVE_TRANSFER
ddUpJ7WS7oGnWMDSQpY6vbnNzSk8sAAuuvRmbvFtBnUAGKLV5wmauhGiR6Ww8p12G2ZQS43BAQqMSnevhnwLFqy,2024-11-08T00:45:33Z,fLiPgg2yTvmgfhiPkKriAHkDmmXGP6CdeFX9UF5o7Zc,4oUJHiPzGHWy7TPWieat6XA9MTfZmGVbmdvCVtUUzucZ,1e-07,So11111111111111111111111111111111111111112,NATIVE_TRANSFER
ddUpJ7WS7oGnWMDSQpY6vbnNzSk8sAAuuvRmbvFtBnUAGKLV5wmauhGiR6Ww8p12G2ZQS43BAQqMSnevhnwLFqy,2024-11-08T00:45:33Z,fLiPgg2yTvmgfhiPkKriAHkDmmXGP6CdeFX9UF5o7Zc,7MF1JUGbFvNdrdCyMDUKMe2qR4ciA9sPtBQv6B2dKRv3,1e-07,So11111111111111111111111111111111111111112,NATIVE_TRANSFER
ddUpJ7WS7oGnWMDSQpY6vbnNzSk8sAAuuvRmbvFtBnUAGKLV5wmauhGiR6Ww8p12G2ZQS43BAQqMSnevhnwLFqy,2024-11-08T00:45:33Z,fLiPgg2yTvmgfhiPkKriAHkDmmXGP6CdeFX9UF5o7Zc,G5Qb5uKSnjeFAZwbuxy14xJJXJ7ES9nA7sPzVm7tCCkz,1e-07,So11111111111111111111111111111111111111112,NATIVE_TRANSFER
ddUpJ7WS7oGnWMDSQpY6vbnNzSk8sAAuuvRmbvFtBnUAGKLV5wmauhGiR6Ww8p12G2ZQS43BAQqMSnevhnwLFqy,2024-11-08T00:45:33Z,fLiPgg2yTvmgfhiPkKriAHkDmmXGP6CdeFX9UF5o7Zc,3fzXXTSfH7oHJn6QBbJ932ncvYagT7LkXdKkwXFT5D9z,1e-07,So11111111111111111111111111111111111111112,NATIVE_TRANSFER
ddUpJ7WS7oGnWMDSQpY6vbnNzSk8sAAuuvRmbvFtBnUAGKLV5wmauhGiR6Ww8p12G2ZQS43BAQqMSnevhnwLFqy,2024-11-08T00:45:33Z,fLiPgg2yTvmgfhiPkKriAHkDmmXGP6CdeFX9UF5o7Zc,st1n8sf9CjzGn4aV6zF2trpgHC2dqbFsbQNDcsFCALM,1e-07,So11111111111111111111111111111111111111112,NATIVE_TRANSFER
ddUpJ7WS7oGnWMDSQpY6vbnNzSk8sAAuuvRmbvFtBnUAGKLV5wmauhGiR6Ww8p12G2ZQS43BAQqMSnevhnwLFqy,2024-11-08T00:45:33Z,fLiPgg2yTvmgfhiPkKriAHkDmmXGP6CdeFX9UF5o7Zc,ndjGh8iMeCRUfAag1nTB8PbFaimDXYVB1ZpPdA6Viyh,1e-07,So11111111111111111111111111111111111111112,NATIVE_TRANSFER
ddUpJ7WS7oGnWMDSQpY6vbnNzSk8sAAuuvRmbvFtBnUAGKLV5wmauhGiR6Ww8p12G2ZQS43BAQqMSnevhnwLFqy,2024-11-08T00:45:33Z,fLiPgg2yTvmgfhiPkKriAHkDmmXGP6CdeFX9UF5o7Zc,3gXdCS2muha65STzsBAe1xCSo9sD54WovCkwsv2YdHju,1e-07,So11111111111111111111111111111111111111112,NATIVE_TRANSFER
ddUpJ7WS7oGnWMDSQpY6vbnNzSk8sAAuuvRmbvFtBnUAGKLV5wmauhGiR6Ww8p12G2ZQS43BAQqMSnevhnwLFqy,2024-11-08T00:45:33Z,fLiPgg2yTvmgfhiPkKriAHkDmmXGP6CdeFX9UF5o7Zc,ENAxjhEEtjC3N81PDPw75k5ZUACW5Uy1WqFz7YLB6z7p,1e-07,So11111111111111111111111111111111111111112,NATIVE_TRANSFER
ddUpJ7WS7oGnWMDSQpY6vbnNzSk8sAAuuvRmbvFtBnUAGKLV5wmauhGiR6Ww8p12G2ZQS43BAQqMSnevhnwLFqy,2024-11-08T00:45:33Z,fLiPgg2yTvmgfhiPkKriAHkDmmXGP6CdeFX9UF5o7Zc,GfKA5P4HA5Q5naZNoGrH85ea3uLgBf9TcY9sJKjjmvdy,1e-07,So11111111111111111111111111111111111111112,NATIVE_TRANSFER
3SvpqZvzSJhzVUUEuWz1DrMf7hE25jPUqxG8rn6owAjyzsNHaksQJi4swT9wRUBrF6Aa4VRmZBSor7JjRWMfswVp,2024-11-08T00:45:26Z,ndjGh8iMeCRUfAag1nTB8PbFaimDXYVB1ZpPdA6Viyh,HmqKVJtEer98huzx762VY9ua8RpCYGUyMZn5TdJGW4Fv,0.6,So11111111111111111111111111111111111111112,NATIVE_TRANSFER
3pJbksufJVLDaQyafsbWqys8mzwcgxYNc8sfT3bsUE3QPUox2m7wvaAM4Vqijm4dan3hdAjNeTbpEbEUfDeSBPHK,2024-11-07T17:45:22Z,ZZQF6cQ3kwg9xP5BtXtd34rWJhoi45LrfnrYBpfDJsQ,HytSyRBG9yRAkbuUNFRHDvt6NwXxm8dp87UiLWH5mJYR,0.000979968,So11111111111111111111111111111111111111112,NATIVE_TRANSFER
3pJbksufJVLDaQyafsbWqys8mzwcgxYNc8sfT3bsUE3QPUox2m7wvaAM4Vqijm4dan3hdAjNeTbpEbEUfDeSBPHK,2024-11-07T17:45:22Z,ZZQF6cQ3kwg9xP5BtXtd34rWJhoi45LrfnrYBpfDJsQ,2rNV35KdcXzSdkqRF3AxsRPdAj4Lf9aYSvUEPrvPbeUp,0.000979968,So11111111111111111111111111111111111111112,NATIVE_TRANSFER
3pJbksufJVLDaQyafsbWqys8mzwcgxYNc8sfT3bsUE3QPUox2m7wvaAM4Vqijm4dan3hdAjNeTbpEbEUfDeSBPHK,2024-11-07T17:45:22Z,ZZQF6cQ3kwg9xP5BtXtd34rWJhoi45LrfnrYBpfDJsQ,9fZMrUVojCQt4puNuCYNkjeHPRiUJY9KQMSiCrJjFhgq,1e-06,So11111111111111111111111111111111111111112,NATIVE_TRANSFER
3pJbksufJVLDaQyafsbWqys8mzwcgxYNc8sfT3bsUE3QPUox2m7wvaAM4Vqijm4dan3hdAjNeTbpEbEUfDeSBPHK,2024-11-07T17:45:22Z,ZZQF6cQ3kwg9xP5BtXtd34rWJhoi45LrfnrYBpfDJsQ,3c38kyA8k9hWTkAD6zqKhW6CkQZhj7R4149egUZTjfBW,1e-06,So11111111111111111111111111111111111111112,NATIVE_TRANSFER
3pJbksufJVLDaQyafsbWqys8mzwcgxYNc8sfT3bsUE3QPUox2m7wvaAM4Vqijm4dan3hdAjNeTbpEbEUfDeSBPHK,2024-11-07T17:45:22Z,ZZQF6cQ3kwg9xP5BtXtd34rWJhoi45LrfnrYBpfDJsQ,HytSyRBG9yRAkbuUNFRHDvt6NwXxm8dp87UiLWH5mJYR,1e-06,So11111111111111111111111111111111111111112,NATIVE_TRANSFER
3pJbksufJVLDaQyafsbWqys8mzwcgxYNc8sfT3bsUE3QPUox2m7wvaAM4Vqijm4dan3hdAjNeTbpEbEUfDeSBPHK,2024-11-07T17:45:22Z,ZZQF6cQ3kwg9xP5BtXtd34rWJhoi45LrfnrYBpfDJsQ,2rNV35KdcXzSdkqRF3AxsRPdAj4Lf9aYSvUEPrvPbeUp,1e-06,So11111111111111111111111111111111111111112,NATIVE_TRANSFER
3pJbksufJVLDaQyafsbWqys8mzwcgxYNc8sfT3bsUE3QPUox2m7wvaAM4Vqijm4dan3hdAjNeTbpEbEUfDeSBPHK,2024-11-07T17:45:22Z,9fZMrUVojCQt4puNuCYNkjeHPRiUJY9KQMSiCrJjFhgq,91Wg5jmwFBZP6N2jmZw4zsFjxs4SsyDwVwQyFP4YaZgQ,1e-06,So11111111111111111111111111111111111111112,NATIVE_TRANSFER
3pJbksufJVLDaQyafsbWqys8mzwcgxYNc8sfT3bsUE3QPUox2m7wvaAM4Vqijm4dan3hdAjNeTbpEbEUfDeSBPHK,2024-11-07T17:45:22Z,3c38kyA8k9hWTkAD6zqKhW6CkQZhj7R4149egUZTjfBW,J6ymFY3nbmDtMv2hPDTfsYnzeyiX2X1tjivUTk1Hpphp,1e-06,So11111111111111111111111111111111111111112,NATIVE_TRANSFER
3pJbksufJVLDaQyafsbWqys8mzwcgxYNc8sfT3bsUE3QPUox2m7wvaAM4Vqijm4dan3hdAjNeTbpEbEUfDeSBPHK,2024-11-07T17:45:22Z,HytSyRBG9yRAkbuUNFRHDvt6NwXxm8dp87UiLWH5mJYR,6q1ZHNgJZD2FURyBrgAsprEqYSyEu3wn9WN9rgXMYki,1e-06,So11111111111111111111111111111111111111112,NATIVE_TRANSFER
3pJbksufJVLDaQyafsbWqys8mzwcgxYNc8sfT3bsUE3QPUox2m7wvaAM4Vqijm4dan3hdAjNeTbpEbEUfDeSBPHK,2024-11-07T17:45:22Z,2rNV35KdcXzSdkqRF3AxsRPdAj4Lf9aYSvUEPrvPbeUp,ndjGh8iMeCRUfAag1nTB8PbFaimDXYVB1ZpPdA6Viyh,1e-06,So11111111111111111111111111111111111111112,NATIVE_TRANSFER
3HsnhYDq4RB7FkqWxeahX5PqWFvJp4by4QJ58TbPcVqyvFTZx4jxF9dS2M3MRfgbQsuCAs5Kite975B7K7DLmkc4,2024-11-07T17:44:39Z,ndjGh8iMeCRUfAag1nTB8PbFaimDXYVB1ZpPdA6Viyh,2rbGwGhWSxFfNpR9SyPKMTaHMNbynufqFBNJ2vKEbeUp,0.04,So11111111111111111111111111111111111111112,NATIVE_TRANSFER
UNgXmz83eCR3gNmkwhsmxbSqvq2Y2Dwyo7hiYjxabS74EZfNq1N3kxbpatxJXSPZ6utHm5XA3tPtDCaUJXw7u9L,2024-08-22T04:54:43Z,dropjakoD4FsXK24Cd6SKDikcQrB4acr9uXeVFgfe4b,ndjGh8iMeCRUfAag1nTB8PbFaimDXYVB1ZpPdA6Viyh,0.857575672,BLZEEuZUBVqFhj8adcCFPJvPVCiCyVmh3hkJMrU8KuJA,TOKEN_TRANSFER
UNgXmz83eCR3gNmkwhsmxbSqvq2Y2Dwyo7hiYjxabS74EZfNq1N3kxbpatxJXSPZ6utHm5XA3tPtDCaUJXw7u9L,2024-08-22T04:54:43Z,dropjakoD4FsXK24Cd6SKDikcQrB4acr9uXeVFgfe4b,9sc5EofLjeWpQrm6f4CsufM2xHweieuNL3pELc4Kw1Yc,15.740199271,BLZEEuZUBVqFhj8adcCFPJvPVCiCyVmh3hkJMrU8KuJA,TOKEN_TRANSFER
UNgXmz83eCR3gNmkwhsmxbSqvq2Y2Dwyo7hiYjxabS74EZfNq1N3kxbpatxJXSPZ6utHm5XA3tPtDCaUJXw7u9L,2024-08-22T04:54:43Z,dropjakoD4FsXK24Cd6SKDikcQrB4acr9uXeVFgfe4b,7RnbvQxydeZgZPeFvXznR9VzDeAQDwUR2aWug1Xbz2dx,0.044812546,BLZEEuZUBVqFhj8adcCFPJvPVCiCyVmh3hkJMrU8KuJA,TOKEN_TRANSFER
UNgXmz83eCR3gNmkwhsmxbSqvq2Y2Dwyo7hiYjxabS74EZfNq1N3kxbpatxJXSPZ6utHm5XA3tPtDCaUJXw7u9L,2024-08-22T04:54:43Z,dropjakoD4FsXK24Cd6SKDikcQrB4acr9uXeVFgfe4b,5jhb32B6JrEMnVGJZCFWZsPYrohGi7vXibUjw8hhw3e8,8.28116502,BLZEEuZUBVqFhj8adcCFPJvPVCiCyVmh3hkJMrU8KuJA,TOKEN_TRANSFER
UNgXmz83eCR3gNmkwhsmxbSqvq2Y2Dwyo7hiYjxabS74EZfNq1N3kxbpatxJXSPZ6utHm5XA3tPtDCaUJXw7u9L,2024-08-22T04:54:43Z,dropjakoD4FsXK24Cd6SKDikcQrB4acr9uXeVFgfe4b,3ozhYHSkEB2jVzmPz7HUX5MuEwkHFUTmsnKVWWn6iXCT,0.00203928,So11111111111111111111111111111111111111112,NATIVE_TRANSFER
UNgXmz83eCR3gNmkwhsmxbSqvq2Y2Dwyo7hiYjxabS74EZfNq1N3kxbpatxJXSPZ6utHm5XA3tPtDCaUJXw7u9L,2024-08-22T04:54:43Z,dropjakoD4FsXK24Cd6SKDikcQrB4acr9uXeVFgfe4b,89GoZvDXE3quUp9cx2kARTircLZabU8xfeHjGphi9oKQ,0.00203928,So11111111111111111111111111111111111111112,NATIVE_TRANSFER
3iTQ8nKumm6Ko8WP2CBWjYn5GQxCraFBrwewJPqh9yFn3V9iUn71HddNVf5fS4UtctJUikTD1kAHAfuJ1KpeuWjW,2024-08-08T22:09:15Z,AeZDiNSSTvGxxD92vao15YRV7f4c4Q1GfcKnwezXucZa,7qPDgw7BJ6JsbhATcHd8y98SXpeSnt4RE8azwwZkZsc9,1e-06,So11111111111111111111111111111111111111112,NATIVE_TRANSFER
3iTQ8nKumm6Ko8WP2CBWjYn5GQxCraFBrwewJPqh9yFn3V9iUn71HddNVf5fS4UtctJUikTD1kAHAfuJ1KpeuWjW,2024-08-08T22:09:15Z,7qPDgw7BJ6JsbhATcHd8y98SXpeSnt4RE8azwwZkZsc9,ndjGh8iMeCRUfAag1nTB8PbFaimDXYVB1ZpPdA6Viyh,1e-06,So11111111111111111111111111111111111111112,NATIVE_TRANSFER
23mdKhLD1ocMjeeUxVU2JUpJpagKwa8mTcVhwVAab4LKZSqCgYP2FaZD42xqzqamfNbAKisdKTEufPgkQEq7TWNA,2024-08-08T22:09:15Z,7N6ZMcfhSxsgfNgYFN6TvVNXXTPsjGkiTL1Hjeu87123,7fsUtEEoVexPyTWWGmy92jDxCq1jp14Xb6BCSmXkZsc9,1e-06,So11111111111111111111111111111111111111112,NATIVE_TRANSFER
23mdKhLD1ocMjeeUxVU2JUpJpagKwa8mTcVhwVAab4LKZSqCgYP2FaZD42xqzqamfNbAKisdKTEufPgkQEq7TWNA,2024-08-08T22:09:15Z,7fsUtEEoVexPyTWWGmy92jDxCq1jp14Xb6BCSmXkZsc9,ndjGh8iMeCRUfAag1nTB8PbFaimDXYVB1ZpPdA6Viyh,1e-06,So11111111111111111111111111111111111111112,NATIVE_TRANSFER
zRAQ972xWcsiHcv4c8hmisTpsRtoLAACL75K5rT8h9ikJ3mRUfSE7Eg7oPiCBtU75nKfHHsigNB6UM1H9yUJiNg,2024-08-08T22:08:24Z,7wwNYSDQF3DX3QZZsEubdqtkpj1homTApvCULFuoJEo7,27fnohar8Hbw2ByyRtaUPwkYRD9zVt7pUSDjQhiXZsc9,1e-06,So11111111111111111111111111111111111111112,NATIVE_TRANSFER
zRAQ972xWcsiHcv4c8hmisTpsRtoLAACL75K5rT8h9ikJ3mRUfSE7Eg7oPiCBtU75nKfHHsigNB6UM1H9yUJiNg,2024-08-08T22:08:24Z,27fnohar8Hbw2ByyRtaUPwkYRD9zVt7pUSDjQhiXZsc9,ndjGh8iMeCRUfAag1nTB8PbFaimDXYVB1ZpPdA6Viyh,1e-06,So11111111111111111111111111111111111111112,NATIVE_TRANSFER
5WWDyRPVNt6qmEd4FzUAxijLyRqA1Drem9G3FZz9AzcbcMXBjF4DKRpe9PbvL43SoV1ksdhL8LwYFK2CaKkML7Tn,2024-08-08T22:08:06Z,ndjGh8iMeCRUfAag1nTB8PbFaimDXYVB1ZpPdA6Viyh,7bXUQyHEKgcxth1iw1skefL9rwZviYwTDrsVNznkZsc9,0.63,So11111111111111111111111111111111111111112,NATIVE_TRANSFER
23RDMz6EewF4XXkF6kbjf63YTMu4gW9DH23BoBcwAUqpKzjtobe7vNBPMDvzwgb2vJB2PLaCkE4fo37QoJUjGKBd,2024-07-18T19:21:52Z,7wwNYSDQF3DX3QZZsEubdqtkpj1homTApvCULFuoJEo7,6HGrqtFMetx1uJX15bEo1r3sjCn3nMGJZghmNVeVfEkf,1e-06,So11111111111111111111111111111111111111112,NATIVE_TRANSFER
23RDMz6EewF4XXkF6kbjf63YTMu4gW9DH23BoBcwAUqpKzjtobe7vNBPMDvzwgb2vJB2PLaCkE4fo37QoJUjGKBd,2024-07-18T19:21:52Z,6HGrqtFMetx1uJX15bEo1r3sjCn3nMGJZghmNVeVfEkf,ndjGh8iMeCRUfAag1nTB8PbFaimDXYVB1ZpPdA6Viyh,1e-06,So11111111111111111111111111111111111111112,NATIVE_TRANSFER
2zMnDNp4ihAnpsAD1oEzaZZzTnGs3TwjmQKExd49jCjiqBKw5K1aaz5YDmLCWUUu6jWpgqtcWt62RWSvakZUiJi8,2024-07-18T19:21:29Z,ndjGh8iMeCRUfAag1nTB8PbFaimDXYVB1ZpPdA6Viyh,69Jsymu7ULmb48KPjN6rbJMtsG9WKEpWa8cCEz9ufEkf,52.4,So11111111111111111111111111111111111111112,NATIVE_TRANSFER
3G1CHaksPsCtuo9UzYqYkvzARNZiGSoytAfPBF4Nccyq4DCmknzT6vvBfB7ow5UMqs4EdeWbJ6TTGZRj3ypUdGKp,2024-07-18T16:18:06Z,BBGgBegmJjb1q8W9J56CwUBDeG5XDGhoZjveV66sYqPH,7xwELEVcvVVmF5GihV3hWgrt58qTSkZksjqXeSgCnKTm,0.000979968,So11111111111111111111111111111111111111112,NATIVE_TRANSFER
3G1CHaksPsCtuo9UzYqYkvzARNZiGSoytAfPBF4Nccyq4DCmknzT6vvBfB7ow5UMqs4EdeWbJ6TTGZRj3ypUdGKp,2024-07-18T16:18:06Z,BBGgBegmJjb1q8W9J56CwUBDeG5XDGhoZjveV66sYqPH,7xwELEVcvVVmF5GihV3hWgrt58qTSkZksjqXeSgCnKTm,5.176e-06,So11111111111111111111111111111111111111112,NATIVE_TRANSFER
3G1CHaksPsCtuo9UzYqYkvzARNZiGSoytAfPBF4Nccyq4DCmknzT6vvBfB7ow5UMqs4EdeWbJ6TTGZRj3ypUdGKp,2024-07-18T16:18:06Z,7xwELEVcvVVmF5GihV3hWgrt58qTSkZksjqXeSgCnKTm,ndjGh8iMeCRUfAag1nTB8PbFaimDXYVB1ZpPdA6Viyh,5.176e-06,So11111111111111111111111111111111111111112,NATIVE_TRANSFER
5zy8UxDUUQkhX16k4h9ke8sJqGiLmZozdmYo44Dw6isLJJ7afK4ZUzhiPK117AhbRW1EryWzTKaMKrTJ2u5UzfhD,2024-07-18T15:19:45Z,9kDgyDEYGQCShMGMLDS7K9xTtHeWgmfyfYeF4YDTxx5m,7bMhugeyvq3AwTwuCDZkdkJzGJRwA5txFSmkgkzfnKTm,1e-06,So11111111111111111111111111111111111111112,NATIVE_TRANSFER
5zy8UxDUUQkhX16k4h9ke8sJqGiLmZozdmYo44Dw6isLJJ7afK4ZUzhiPK117AhbRW1EryWzTKaMKrTJ2u5UzfhD,2024-07-18T15:19:45Z,7bMhugeyvq3AwTwuCDZkdkJzGJRwA5txFSmkgkzfnKTm,ndjGh8iMeCRUfAag1nTB8PbFaimDXYVB1ZpPdA6Viyh,1e-06,So11111111111111111111111111111111111111112,NATIVE_TRANSFER
4xQmRCjhriRfBjaTBfyd9VKJgVpkAJgLrxsh46pYVbt4chMbU1mDTVZQnfrkDxCPYy4698R6rQkyEFc1MekkTeqE,2024-07-18T15:18:13Z,7wwNYSDQF3DX3QZZsEubdqtkpj1homTApvCULFuoJEo7,77svA5ZsNTkjqiTqJPUWv16nqyW4FBMopfQNzj8XnKTm,1e-06,So11111111111111111111111111111111111111112,NATIVE_TRANSFER
4xQmRCjhriRfBjaTBfyd9VKJgVpkAJgLrxsh46pYVbt4chMbU1mDTVZQnfrkDxCPYy4698R6rQkyEFc1MekkTeqE,2024-07-18T15:18:13Z,77svA5ZsNTkjqiTqJPUWv16nqyW4FBMopfQNzj8XnKTm,ndjGh8iMeCRUfAag1nTB8PbFaimDXYVB1ZpPdA6Viyh,1e-06,So11111111111111111111111111111111111111112,NATIVE_TRANSFER
3hmvEaYeMonpY2QzeEq7Hc1KJkTAQ1cjDrUuV83cmjkuvPePpshF5kAoGwnj3ebjNtzRC1kRKkJgd3CLtFnns6CJ,2024-07-18T15:17:56Z,ndjGh8iMeCRUfAag1nTB8PbFaimDXYVB1ZpPdA6Viyh,7x6bPxdvJEfynPq4k8vohfaoRwyioAykRi9CoedrnKTm,5.176,So11111111111111111111111111111111111111112,NATIVE_TRANSFER
4Y9eudNiJ8im3Scm57H9uDiWVP287HHVQdDXTjUJW87AmeGqJhHD5tsKVrMPe6kJYug1ToaaXeeru2QEB8A2VYSp,2024-07-08T17:14:08Z,ndjGh8iMeCRUfAag1nTB8PbFaimDXYVB1ZpPdA6Viyh,CLAiMtZ6Up7LVVq6TGQwog2zZMoZDRWk11NWn989yHKz,0.009380688,So11111111111111111111111111111111111111112,NATIVE_TRANSFER
4Y9eudNiJ8im3Scm57H9uDiWVP287HHVQdDXTjUJW87AmeGqJhHD5tsKVrMPe6kJYug1ToaaXeeru2QEB8A2VYSp,2024-07-08T17:14:08Z,41xaX4LUcZ8QxHp1vbEFr2TP86r15PeWTvswMxURQspN,ndjGh8iMeCRUfAag1nTB8PbFaimDXYVB1ZpPdA6Viyh,0.00203928,So11111111111111111111111111111111111111112,NATIVE_TRANSFER
4Y9eudNiJ8im3Scm57H9uDiWVP287HHVQdDXTjUJW87AmeGqJhHD5tsKVrMPe6kJYug1ToaaXeeru2QEB8A2VYSp,2024-07-08T17:14:08Z,9N43QzPz1tw7BmHzFvMqdxVSrbae3pYZdbpVL8EugKe5,ndjGh8iMeCRUfAag1nTB8PbFaimDXYVB1ZpPdA6Viyh,0.00203928,So11111111111111111111111111111111111111112,NATIVE_TRANSFER
4Y9eudNiJ8im3Scm57H9uDiWVP287HHVQdDXTjUJW87AmeGqJhHD5tsKVrMPe6kJYug1ToaaXeeru2QEB8A2VYSp,2024-07-08T17:14:08Z,4VAeB7RbLRE5EAHSzadHrDy4DbvzLD41acMzzJNDb14C,ndjGh8iMeCRUfAag1nTB8PbFaimDXYVB1ZpPdA6Viyh,0.00203928,So11111111111111111111111111111111111111112,NATIVE_TRANSFER
4Y9eudNiJ8im3Scm57H9uDiWVP287HHVQdDXTjUJW87AmeGqJhHD5tsKVrMPe6kJYug1ToaaXeeru2QEB8A2VYSp,2024-07-08T17:14:08Z,DkSyG12S4rReEL6U6rPsLwsPYh16DxuboByq5K5zY2PL,ndjGh8iMeCRUfAag1nTB8PbFaimDXYVB1ZpPdA6Viyh,0.00203928,So11111111111111111111111111111111111111112,NATIVE_TRANSFER
4Y9eudNiJ8im3Scm57H9uDiWVP287HHVQdDXTjUJW87AmeGqJhHD5tsKVrMPe6kJYug1ToaaXeeru2QEB8A2VYSp,2024-07-08T17:14:08Z,7sGJeoV23xemCjPBBN4Rr66EMwyPN94r9pFH6c5B6xAn,ndjGh8iMeCRUfAag1nTB8PbFaimDXYVB1ZpPdA6Viyh,0.00203928,So11111111111111111111111111111111111111112,NATIVE_TRANSFER
4Y9eudNiJ8im3Scm57H9uDiWVP287HHVQdDXTjUJW87AmeGqJhHD5tsKVrMPe6kJYug1ToaaXeeru2QEB8A2VYSp,2024-07-08T17:14:08Z,6YJJbUdLeQenAFFibiLh3sV2gdRHyJABSNBxLSKyN5Mu,ndjGh8iMeCRUfAag1nTB8PbFaimDXYVB1ZpPdA6Viyh,0.00203928,So11111111111111111111111111111111111111112,NATIVE_TRANSFER
4Y9eudNiJ8im3Scm57H9uDiWVP287HHVQdDXTjUJW87AmeGqJhHD5tsKVrMPe6kJYug1ToaaXeeru2QEB8A2VYSp,2024-07-08T17:14:08Z,9TnJR56dCqk7DKikY2CFdc64GkY9kK4B75k5o9jzvDwJ,ndjGh8iMeCRUfAag1nTB8PbFaimDXYVB1ZpPdA6Viyh,0.00203928,So11111111111111111111111111111111111111112,NATIVE_TRANSFER
4Y9eudNiJ8im3Scm57H9uDiWVP287HHVQdDXTjUJW87AmeGqJhHD5tsKVrMPe6kJYug1ToaaXeeru2QEB8A2VYSp,2024-07-08T17:14:08Z,3P1wR5VakvQZFVwUMinYWYxUbCA5MYRP3zYjoLBP167A,ndjGh8iMeCRUfAag1nTB8PbFaimDXYVB1ZpPdA6Viyh,0.00203928,So11111111111111111111111111111111111111112,NATIVE_TRANSFER
4Y9eudNiJ8im3Scm57H9uDiWVP287HHVQdDXTjUJW87AmeGqJhHD5tsKVrMPe6kJYug1ToaaXeeru2QEB8A2VYSp,2024-07-08T17:14:08Z,GowmA8cEwSDcM5NmMwgFGLnf2sAJGUGxpuEqRovQ78M2,ndjGh8iMeCRUfAag1nTB8PbFaimDXYVB1ZpPdA6Viyh,0.00203928,So11111111111111111111111111111111111111112,NATIVE_TRANSFER
4Y9eudNiJ8im3Scm57H9uDiWVP287HHVQdDXTjUJW87AmeGqJhHD5tsKVrMPe6kJYug1ToaaXeeru2QEB8A2VYSp,2024-07-08T17:14:08Z,C9YTDQ8etciQ2J2NqkptaCY6h5oKW6ugcJ2kHXg5Zp5b,ndjGh8iMeCRUfAag1nTB8PbFaimDXYVB1ZpPdA6Viyh,0.00203928,So11111111111111111111111111111111111111112,NATIVE_TRANSFER
4Y9eudNiJ8im3Scm57H9uDiWVP287HHVQdDXTjUJW87AmeGqJhHD5tsKVrMPe6kJYug1ToaaXeeru2QEB8A2VYSp,2024-07-08T17:14:08Z,fK2kcczRuJkjCWF1u6VJjL1LBHkzYSRG1YvL6ZbvJdf,ndjGh8iMeCRUfAag1nTB8PbFaimDXYVB1ZpPdA6Viyh,0.00203928,So11111111111111111111111111111111111111112,NATIVE_TRANSFER
4Y9eudNiJ8im3Scm57H9uDiWVP287HHVQdDXTjUJW87AmeGqJhHD5tsKVrMPe6kJYug1ToaaXeeru2QEB8A2VYSp,2024-07-08T17:14:08Z,2GCDmUBrXYoSUAp7CWqQGWFHCtG4T2TS74T7mfSEfJpU,ndjGh8iMeCRUfAag1nTB8PbFaimDXYVB1ZpPdA6Viyh,0.00203928,So11111111111111111111111111111111111111112,NATIVE_TRANSFER
4Y9eudNiJ8im3Scm57H9uDiWVP287HHVQdDXTjUJW87AmeGqJhHD5tsKVrMPe6kJYug1ToaaXeeru2QEB8A2VYSp,2024-07-08T17:14:08Z,DsiqfcvxE4GKEjx4Js3ur4ZBqDhR5YDvgo5ZX2zRNYoR,ndjGh8iMeCRUfAag1nTB8PbFaimDXYVB1ZpPdA6Viyh,0.00203928,So11111111111111111111111111111111111111112,NATIVE_TRANSFER
4Y9eudNiJ8im3Scm57H9uDiWVP287HHVQdDXTjUJW87AmeGqJhHD5tsKVrMPe6kJYug1ToaaXeeru2QEB8A2VYSp,2024-07-08T17:14:08Z,HbKGnQa9Aoypa3tDHYDqarP2LDvF1cCbwQXFC4EowxzJ,ndjGh8iMeCRUfAag1nTB8PbFaimDXYVB1ZpPdA6Viyh,0.00203928,So11111111111111111111111111111111111111112,NATIVE_TRANSFER
4Y9eudNiJ8im3Scm57H9uDiWVP287HHVQdDXTjUJW87AmeGqJhHD5tsKVrMPe6kJYug1ToaaXeeru2QEB8A2VYSp,2024-07-08T17:14:08Z,8JpTUneUn2oCm62sY8bWz9vE3PzKJaD8Q4z6BWirCPHX,ndjGh8iMeCRUfAag1nTB8PbFaimDXYVB1ZpPdA6Viyh,0.00203928,So11111111111111111111111111111111111111112,NATIVE_TRANSFER
4Y9eudNiJ8im3Scm57H9uDiWVP287HHVQdDXTjUJW87AmeGqJhHD5tsKVrMPe6kJYug1ToaaXeeru2QEB8A2VYSp,2024-07-08T17:14:08Z,EkBkZJTJThDYEnK1ba8D2xsLMTZPGwbJrnvVLTEnssSh,ndjGh8iMeCRUfAag1nTB8PbFaimDXYVB1ZpPdA6Viyh,0.00203928,So11111111111111111111111111111111111111112,NATIVE_TRANSFER
4Y9eudNiJ8im3Scm57H9uDiWVP287HHVQdDXTjUJW87AmeGqJhHD5tsKVrMPe6kJYug1ToaaXeeru2QEB8A2VYSp,2024-07-08T17:14:08Z,HfVXq5Epm2qLUpqDLwRNnzehLucz9QfViNNLzQGvao7K,ndjGh8iMeCRUfAag1nTB8PbFaimDXYVB1ZpPdA6Viyh,0.00203928,So11111111111111111111111111111111111111112,NATIVE_TRANSFER
4Y9eudNiJ8im3Scm57H9uDiWVP287HHVQdDXTjUJW87AmeGqJhHD5tsKVrMPe6kJYug1ToaaXeeru2QEB8A2VYSp,2024-07-08T17:14:08Z,CH9ZjmJkJyztYGWJPFzpMBLuYhayiWTd6vPg4kRLDvAc,ndjGh8iMeCRUfAag1nTB8PbFaimDXYVB1ZpPdA6Viyh,0.00203928,So11111111111111111111111111111111111111112,NATIVE_TRANSFER
4Y9eudNiJ8im3Scm57H9uDiWVP287HHVQdDXTjUJW87AmeGqJhHD5tsKVrMPe6kJYug1ToaaXeeru2QEB8A2VYSp,2024-07-08T17:14:08Z,55eWobeyGLPPjT2RFD3ghUJhQFRNRagMLeKVNETJ9zgr,ndjGh8iMeCRUfAag1nTB8PbFaimDXYVB1ZpPdA6Viyh,0.00203928,So11111111111111111111111111111111111111112,NATIVE_TRANSFER
4Y9eudNiJ8im3Scm57H9uDiWVP287HHVQdDXTjUJW87AmeGqJhHD5tsKVrMPe6kJYug1ToaaXeeru2QEB8A2VYSp,2024-07-08T17:14:08Z,7XKEjF1dD127LjEY8hFzUhEbEnEfjqocTibiAbRn9rrB,ndjGh8iMeCRUfAag1nTB8PbFaimDXYVB1ZpPdA6Viyh,0.00203928,So11111111111111111111111111111111111111112,NATIVE_TRANSFER
4Y9eudNiJ8im3Scm57H9uDiWVP287HHVQdDXTjUJW87AmeGqJhHD5tsKVrMPe6kJYug1ToaaXeeru2QEB8A2VYSp,2024-07-08T17:14:08Z,H6kG4z1qTjHXKbkbfTJJHkTFMsqVpdvSeCuNXQvgCpFP,ndjGh8iMeCRUfAag1nTB8PbFaimDXYVB1ZpPdA6Viyh,0.00203928,So11111111111111111111111111111111111111112,NATIVE_TRANSFER
4Y9eudNiJ8im3Scm57H9uDiWVP287HHVQdDXTjUJW87AmeGqJhHD5tsKVrMPe6kJYug1ToaaXeeru2QEB8A2VYSp,2024-07-08T17:14:08Z,za3Zd44cDLwX6sNUhkR6zyhdDdVg2UzLqpE86hVVnb9,ndjGh8iMeCRUfAag1nTB8PbFaimDXYVB1ZpPdA6Viyh,0.00203928,So11111111111111111111111111111111111111112,NATIVE_TRANSFER
4Y9eudNiJ8im3Scm57H9uDiWVP287HHVQdDXTjUJW87AmeGqJhHD5tsKVrMPe6kJYug1ToaaXeeru2QEB8A2VYSp,2024-07-08T17:14:08Z,4gvxNAYnWYK3qn6xSueGijtAuEVdyFUrHMB49MAYUyQm,ndjGh8iMeCRUfAag1nTB8PbFaimDXYVB1ZpPdA6Viyh,0.00203928,So11111111111111111111111111111111111111112,NATIVE_TRANSFER
KFAgrSPvQsfM7CFmaTpX8RASyddh69Zod7JenbKh85iJBYxHLzfGMMD1JssxeDKEdi2nFXFB5ccmJnLBgzfMUs6,2024-07-08T17:13:50Z,ndjGh8iMeCRUfAag1nTB8PbFaimDXYVB1ZpPdA6Viyh,CLAiMtZ6Up7LVVq6TGQwog2zZMoZDRWk11NWn989yHKz,0.009380688,So11111111111111111111111111111111111111112,NATIVE_TRANSFER
KFAgrSPvQsfM7CFmaTpX8RASyddh69Zod7JenbKh85iJBYxHLzfGMMD1JssxeDKEdi2nFXFB5ccmJnLBgzfMUs6,2024-07-08T17:13:50Z,8J3Gv2bAc9jYBW6E3LUYCjnQSD8i2bMzcnTVsyQhYFvh,ndjGh8iMeCRUfAag1nTB8PbFaimDXYVB1ZpPdA6Viyh,0.00203928,So11111111111111111111111111111111111111112,NATIVE_TRANSFER
KFAgrSPvQsfM7CFmaTpX8RASyddh69Zod7JenbKh85iJBYxHLzfGMMD1JssxeDKEdi2nFXFB5ccmJnLBgzfMUs6,2024-07-08T17:13:50Z,2bdR6VWfRcrkzWfV2usFua6wJ6GJtghLNqdKCbjfwNw7,ndjGh8iMeCRUfAag1nTB8PbFaimDXYVB1ZpPdA6Viyh,0.00203928,So11111111111111111111111111111111111111112,NATIVE_TRANSFER
KFAgrSPvQsfM7CFmaTpX8RASyddh69Zod7JenbKh85iJBYxHLzfGMMD1JssxeDKEdi2nFXFB5ccmJnLBgzfMUs6,2024-07-08T17:13:50Z,Fg9RfEtoZgWd8AUeJcygeHfLAaqHSoz7B4PFXt6LHNCB,ndjGh8iMeCRUfAag1nTB8PbFaimDXYVB1ZpPdA6Viyh,0.00203928,So11111111111111111111111111111111111111112,NATIVE_TRANSFER
KFAgrSPvQsfM7CFmaTpX8RASyddh69Zod7JenbKh85iJBYxHLzfGMMD1JssxeDKEdi2nFXFB5ccmJnLBgzfMUs6,2024-07-08T17:13:50Z,AvLB1tLFhMLhJSSNqjTWg4oaX85XPcBQHJUY3LQDzYGB,ndjGh8iMeCRUfAag1nTB8PbFaimDXYVB1ZpPdA6Viyh,0.00203928,So11111111111111111111111111111111111111112,NATIVE_TRANSFER
KFAgrSPvQsfM7CFmaTpX8RASyddh69Zod7JenbKh85iJBYxHLzfGMMD1JssxeDKEdi2nFXFB5ccmJnLBgzfMUs6,2024-07-08T17:13:50Z,DiRt8AqtWKWUiy231iUdQTALJKKVQXUxou4QUB7yhF8K,ndjGh8iMeCRUfAag1nTB8PbFaimDXYVB1ZpPdA6Viyh,0.00203928,So11111111111111111111111111111111111111112,NATIVE_TRANSFER
KFAgrSPvQsfM7CFmaTpX8RASyddh69Zod7JenbKh85iJBYxHLzfGMMD1JssxeDKEdi2nFXFB5ccmJnLBgzfMUs6,2024-07-08T17:13:50Z,An5Vx83Z1k194n7cJYnCPEu3Qki7zyZgxG3hMHF6C8HP,ndjGh8iMeCRUfAag1nTB8PbFaimDXYVB1ZpPdA6Viyh,0.00203928,So11111111111111111111111111111111111111112,NATIVE_TRANSFER
KFAgrSPvQsfM7CFmaTpX8RASyddh69Zod7JenbKh85iJBYxHLzfGMMD1JssxeDKEdi2nFXFB5ccmJnLBgzfMUs6,2024-07-08T17:13:50Z,71Y2y7WDUBXAeQvPSXLoBQJ4iT2aumfKzLmVBbm2Ecpg,ndjGh8iMeCRUfAag1nTB8PbFaimDXYVB1ZpPdA6Viyh,0.00203928,So11111111111111111111111111111111111111112,NATIVE_TRANSFER
KFAgrSPvQsfM7CFmaTpX8RASyddh69Zod7JenbKh85iJBYxHLzfGMMD1JssxeDKEdi2nFXFB5ccmJnLBgzfMUs6,2024-07-08T17:13:50Z,2U8q46w6QC1GuWtwr1h7r1obb1xtiqG7PmMrZ6WWFaP8,ndjGh8iMeCRUfAag1nTB8PbFaimDXYVB1ZpPdA6Viyh,0.00203928,So11111111111111111111111111111111111111112,NATIVE_TRANSFER
KFAgrSPvQsfM7CFmaTpX8RASyddh69Zod7JenbKh85iJBYxHLzfGMMD1JssxeDKEdi2nFXFB5ccmJnLBgzfMUs6,2024-07-08T17:13:50Z,HwzadQQBaGq9QQdhDB6MVTySzt9jdHqpKWZEEnC5FCPv,ndjGh8iMeCRUfAag1nTB8PbFaimDXYVB1ZpPdA6Viyh,0.00203928,So11111111111111111111111111111111111111112,NATIVE_TRANSFER
KFAgrSPvQsfM7CFmaTpX8RASyddh69Zod7JenbKh85iJBYxHLzfGMMD1JssxeDKEdi2nFXFB5ccmJnLBgzfMUs6,2024-07-08T17:13:50Z,3DakCw3XNyr2tCX5HTdyMXdYvXx1X1rweZhGhmxbGjuH,ndjGh8iMeCRUfAag1nTB8PbFaimDXYVB1ZpPdA6Viyh,0.00203928,So11111111111111111111111111111111111111112,NATIVE_TRANSFER
KFAgrSPvQsfM7CFmaTpX8RASyddh69Zod7JenbKh85iJBYxHLzfGMMD1JssxeDKEdi2nFXFB5ccmJnLBgzfMUs6,2024-07-08T17:13:50Z,CPQGUKS8dzgQ2ErfvKnCbh9K1zBFrH7BGGExyRaypNsG,ndjGh8iMeCRUfAag1nTB8PbFaimDXYVB1ZpPdA6Viyh,0.00203928,So11111111111111111111111111111111111111112,NATIVE_TRANSFER
KFAgrSPvQsfM7CFmaTpX8RASyddh69Zod7JenbKh85iJBYxHLzfGMMD1JssxeDKEdi2nFXFB5ccmJnLBgzfMUs6,2024-07-08T17:13:50Z,7SHqc9KT6XtKAwvfi9eGx9JLUanXHxkRj3Ww3tEb4uhS,ndjGh8iMeCRUfAag1nTB8PbFaimDXYVB1ZpPdA6Viyh,0.00203928,So11111111111111111111111111111111111111112,NATIVE_TRANSFER
KFAgrSPvQsfM7CFmaTpX8RASyddh69Zod7JenbKh85iJBYxHLzfGMMD1JssxeDKEdi2nFXFB5ccmJnLBgzfMUs6,2024-07-08T17:13:50Z,3e4wp63DKudjKj9uVuGjMPV7F4oCcACSGNfm2sxuVxSM,ndjGh8iMeCRUfAag1nTB8PbFaimDXYVB1ZpPdA6Viyh,0.00203928,So11111111111111111111111111111111111111112,NATIVE_TRANSFER
KFAgrSPvQsfM7CFmaTpX8RASyddh69Zod7JenbKh85iJBYxHLzfGMMD1JssxeDKEdi2nFXFB5ccmJnLBgzfMUs6,2024-07-08T17:13:50Z,HMA4wvNM2pZo5kdqsWXcUJEmX9roNmqwiuga8ogJiK7E,ndjGh8iMeCRUfAag1nTB8PbFaimDXYVB1ZpPdA6Viyh,0.00203928,So11111111111111111111111111111111111111112,NATIVE_TRANSFER
KFAgrSPvQsfM7CFmaTpX8RASyddh69Zod7JenbKh85iJBYxHLzfGMMD1JssxeDKEdi2nFXFB5ccmJnLBgzfMUs6,2024-07-08T17:13:50Z,3MxPDvYoW3wsrfdx37fksYhpqWa73HC192RYWzv71ztt,ndjGh8iMeCRUfAag1nTB8PbFaimDXYVB1ZpPdA6Viyh,0.00203928,So11111111111111111111111111111111111111112,NATIVE_TRANSFER
KFAgrSPvQsfM7CFmaTpX8RASyddh69Zod7JenbKh85iJBYxHLzfGMMD1JssxeDKEdi2nFXFB5ccmJnLBgzfMUs6,2024-07-08T17:13:50Z,65aRptc4X4HmBmMeVTZGYPH6Gn8jhufREPwajA7o9ZtQ,ndjGh8iMeCRUfAag1nTB8PbFaimDXYVB1ZpPdA6Viyh,0.00203928,So11111111111111111111111111111111111111112,NATIVE_TRANSFER
KFAgrSPvQsfM7CFmaTpX8RASyddh69Zod7JenbKh85iJBYxHLzfGMMD1JssxeDKEdi2nFXFB5ccmJnLBgzfMUs6,2024-07-08T17:13:50Z,9sUXaCysyi2csqi6785ftfrbtwxcuPZEVCozv99YfzBj,ndjGh8iMeCRUfAag1nTB8PbFaimDXYVB1ZpPdA6Viyh,0.00203928,So11111111111111111111111111111111111111112,NATIVE_TRANSFER
KFAgrSPvQsfM7CFmaTpX8RASyddh69Zod7JenbKh85iJBYxHLzfGMMD1JssxeDKEdi2nFXFB5ccmJnLBgzfMUs6,2024-07-08T17:13:50Z,4xQmyzreNBWoEQMQQN3R6389YJ5QCzVVdvLMi2Z7uNZS,ndjGh8iMeCRUfAag1nTB8PbFaimDXYVB1ZpPdA6Viyh,0.00203928,So11111111111111111111111111111111111111112,NATIVE_TRANSFER
KFAgrSPvQsfM7CFmaTpX8RASyddh69Zod7JenbKh85iJBYxHLzfGMMD1JssxeDKEdi2nFXFB5ccmJnLBgzfMUs6,2024-07-08T17:13:50Z,Aue8oaciZqjrHbYpKyKQTVifZUT2PP9BPF1Wt8sDa4AK,ndjGh8iMeCRUfAag1nTB8PbFaimDXYVB1ZpPdA6Viyh,0.00203928,So11111111111111111111111111111111111111112,NATIVE_TRANSFER
KFAgrSPvQsfM7CFmaTpX8RASyddh69Zod7JenbKh85iJBYxHLzfGMMD1JssxeDKEdi2nFXFB5ccmJnLBgzfMUs6,2024-07-08T17:13:50Z,3eiWQiVHaGCb8G1ZNmbEgREtLNGjmbVKggJaatfzjrHo,ndjGh8iMeCRUfAag1nTB8PbFaimDXYVB1ZpPdA6Viyh,0.00203928,So11111111111111111111111111111111111111112,NATIVE_TRANSFER
KFAgrSPvQsfM7CFmaTpX8RASyddh69Zod7JenbKh85iJBYxHLzfGMMD1JssxeDKEdi2nFXFB5ccmJnLBgzfMUs6,2024-07-08T17:13:50Z,5BeJESpn1wfcAinneKQ6uhXQk87SQpojMSzx7cV8cb9A,ndjGh8iMeCRUfAag1nTB8PbFaimDXYVB1ZpPdA6Viyh,0.00203928,So11111111111111111111111111111111111111112,NATIVE_TRANSFER
KFAgrSPvQsfM7CFmaTpX8RASyddh69Zod7JenbKh85iJBYxHLzfGMMD1JssxeDKEdi2nFXFB5ccmJnLBgzfMUs6,2024-07-08T17:13:50Z,CXpEjqLVB5YEN7YUrnGGKoPwChTami83yYPiC1dK4txV,ndjGh8iMeCRUfAag1nTB8PbFaimDXYVB1ZpPdA6Viyh,0.00203928,So11111111111111111111111111111111111111112,NATIVE_TRANSFER
KFAgrSPvQsfM7CFmaTpX8RASyddh69Zod7JenbKh85iJBYxHLzfGMMD1JssxeDKEdi2nFXFB5ccmJnLBgzfMUs6,2024-07-08T17:13:50Z,9gC2LiVvPMWiiPBjdD1D2arTFng627Ri7wgaiqFQ4Kh3,ndjGh8iMeCRUfAag1nTB8PbFaimDXYVB1ZpPdA6Viyh,0.00203928,So11111111111111111111111111111111111111112,NATIVE_TRANSFER
3ALd7FeJkechm7MMLaDkSgxkepLD2BRfBf5deGz6aEuUNXsQQ5jTiznvCGYBwNnfuQYmyWf7KSgotkgXdUpBP6hG,2024-07-08T17:13:31Z,ndjGh8iMeCRUfAag1nTB8PbFaimDXYVB1ZpPdA6Viyh,CLAiMtZ6Up7LVVq6TGQwog2zZMoZDRWk11NWn989yHKz,0.009380688,So11111111111111111111111111111111111111112,NATIVE_TRANSFER
3ALd7FeJkechm7MMLaDkSgxkepLD2BRfBf5deGz6aEuUNXsQQ5jTiznvCGYBwNnfuQYmyWf7KSgotkgXdUpBP6hG,2024-07-08T17:13:31Z,F9xzj21aXVcwFLRX384bTENuEzHxtQStdRdFrqWg5BgF,ndjGh8iMeCRUfAag1nTB8PbFaimDXYVB1ZpPdA6Viyh,0.00203928,So11111111111111111111111111111111111111112,NATIVE_TRANSFER
3ALd7FeJkechm7MMLaDkSgxkepLD2BRfBf5deGz6aEuUNXsQQ5jTiznvCGYBwNnfuQYmyWf7KSgotkgXdUpBP6hG,2024-07-08T17:13:31Z,G7Y7Uc9PkNeJ2DgpRJeTWyigA4Caxd2ySQV4LBYZQVcu,ndjGh8iMeCRUfAag1nTB8PbFaimDXYVB1ZpPdA6Viyh,0.00203928,So11111111111111111111111111111111111111112,NATIVE_TRANSFER
3ALd7FeJkechm7MMLaDkSgxkepLD2BRfBf5deGz6aEuUNXsQQ5jTiznvCGYBwNnfuQYmyWf7KSgotkgXdUpBP6hG,2024-07-08T17:13:31Z,81uk8dFAFoZVM67mGe9H75gJDg1hGQdapWHzhmQdY4Mq,ndjGh8iMeCRUfAag1nTB8PbFaimDXYVB1ZpPdA6Viyh,0.00203928,So11111111111111111111111111111111111111112,NATIVE_TRANSFER
3ALd7FeJkechm7MMLaDkSgxkepLD2BRfBf5deGz6aEuUNXsQQ5jTiznvCGYBwNnfuQYmyWf7KSgotkgXdUpBP6hG,2024-07-08T17:13:31Z,5SZYLbxQMaMSZXUvheG5wBHqU8xsBCecHUyYeaVersFh,ndjGh8iMeCRUfAag1nTB8PbFaimDXYVB1ZpPdA6Viyh,0.00203928,So11111111111111111111111111111111111111112,NATIVE_TRANSFER
3ALd7FeJkechm7MMLaDkSgxkepLD2BRfBf5deGz6aEuUNXsQQ5jTiznvCGYBwNnfuQYmyWf7KSgotkgXdUpBP6hG,2024-07-08T17:13:31Z,3tTJQkLxFau2uwc4Gp97zURSc6UJLNBaMVNSyjt5ABnt,ndjGh8iMeCRUfAag1nTB8PbFaimDXYVB1ZpPdA6Viyh,0.00203928,So11111111111111111111111111111111111111112,NATIVE_TRANSFER
3ALd7FeJkechm7MMLaDkSgxkepLD2BRfBf5deGz6aEuUNXsQQ5jTiznvCGYBwNnfuQYmyWf7KSgotkgXdUpBP6hG,2024-07-08T17:13:31Z,Hi7L6RCscsAT4RsyoVEnLBxZiTJptgBaTwJhdz9UqNqS,ndjGh8iMeCRUfAag1nTB8PbFaimDXYVB1ZpPdA6Viyh,0.00203928,So11111111111111111111111111111111111111112,NATIVE_TRANSFER
3ALd7FeJkechm7MMLaDkSgxkepLD2BRfBf5deGz6aEuUNXsQQ5jTiznvCGYBwNnfuQYmyWf7KSgotkgXdUpBP6hG,2024-07-08T17:13:31Z,8fUpJTRnL8Zfcxsh6uuizFw7C5Sq4uapEu14YfJdWF12,ndjGh8iMeCRUfAag1nTB8PbFaimDXYVB1ZpPdA6Viyh,0.00203928,So11111111111111111111111111111111111111112,NATIVE_TRANSFER
3ALd7FeJkechm7MMLaDkSgxkepLD2BRfBf5deGz6aEuUNXsQQ5jTiznvCGYBwNnfuQYmyWf7KSgotkgXdUpBP6hG,2024-07-08T17:13:31Z,BuV59BbZHzDgjiu1w7dBdiJz11dVjycvxyM59y3mmFSr,ndjGh8iMeCRUfAag1nTB8PbFaimDXYVB1ZpPdA6Viyh,0.00203928,So11111111111111111111111111111111111111112,NATIVE_TRANSFER
3ALd7FeJkechm7MMLaDkSgxkepLD2BRfBf5deGz6aEuUNXsQQ5jTiznvCGYBwNnfuQYmyWf7KSgotkgXdUpBP6hG,2024-07-08T17:13:31Z,5RSLjf8KTqDGkjsEkjTnuxp4Fxy5DoEprtXcqgg6atu1,ndjGh8iMeCRUfAag1nTB8PbFaimDXYVB1ZpPdA6Viyh,0.00203928,So11111111111111111111111111111111111111112,NATIVE_TRANSFER
3ALd7FeJkechm7MMLaDkSgxkepLD2BRfBf5deGz6aEuUNXsQQ5jTiznvCGYBwNnfuQYmyWf7KSgotkgXdUpBP6hG,2024-07-08T17:13:31Z,52eJJKQhPNbzzZ2ZrUVHs4MrcRjp8jynqoVwhrX8wgXg,ndjGh8iMeCRUfAag1nTB8PbFaimDXYVB1ZpPdA6Viyh,0.00203928,So11111111111111111111111111111111111111112,NATIVE_TRANSFER
3ALd7FeJkechm7MMLaDkSgxkepLD2BRfBf5deGz6aEuUNXsQQ5jTiznvCGYBwNnfuQYmyWf7KSgotkgXdUpBP6hG,2024-07-08T17:13:31Z,GepbAeDcKrAo1JLyEhgG29JZY9z4EfPEM3CNt63Ut7oa,ndjGh8iMeCRUfAag1nTB8PbFaimDXYVB1ZpPdA6Viyh,0.00203928,So11111111111111111111111111111111111111112,NATIVE_TRANSFER
3ALd7FeJkechm7MMLaDkSgxkepLD2BRfBf5deGz6aEuUNXsQQ5jTiznvCGYBwNnfuQYmyWf7KSgotkgXdUpBP6hG,2024-07-08T17:13:31Z,7dPswP3nMbKmXPtCcagZ6FztbxZyKFfhcRj669867mXb,ndjGh8iMeCRUfAag1nTB8PbFaimDXYVB1ZpPdA6Viyh,0.00203928,So11111111111111111111111111111111111111112,NATIVE_TRANSFER
3ALd7FeJkechm7MMLaDkSgxkepLD2BRfBf5deGz6aEuUNXsQQ5jTiznvCGYBwNnfuQYmyWf7KSgotkgXdUpBP6hG,2024-07-08T17:13:31Z,BnvrQBQRRJoMcE63ioCa2XefEtFhn5RZk29oCRioQae9,ndjGh8iMeCRUfAag1nTB8PbFaimDXYVB1ZpPdA6Viyh,0.00203928,So11111111111111111111111111111111111111112,NATIVE_TRANSFER
3ALd7FeJkechm7MMLaDkSgxkepLD2BRfBf5deGz6aEuUNXsQQ5jTiznvCGYBwNnfuQYmyWf7KSgotkgXdUpBP6hG,2024-07-08T17:13:31Z,9tBM2Ue8ARULv2g1uENG7T5XDfGqr3x5LbShAFVJ8QWt,ndjGh8iMeCRUfAag1nTB8PbFaimDXYVB1ZpPdA6Viyh,0.00203928,So11111111111111111111111111111111111111112,NATIVE_TRANSFER
3ALd7FeJkechm7MMLaDkSgxkepLD2BRfBf5deGz6aEuUNXsQQ5jTiznvCGYBwNnfuQYmyWf7KSgotkgXdUpBP6hG,2024-07-08T17:13:31Z,7hkJMdyNQ8y9iTGxcEFRrcxt7Y65ZhAM3ZFvmoErcpR,ndjGh8iMeCRUfAag1nTB8PbFaimDXYVB1ZpPdA6Viyh,0.00203928,So11111111111111111111111111111111111111112,NATIVE_TRANSFER
3ALd7FeJkechm7MMLaDkSgxkepLD2BRfBf5deGz6aEuUNXsQQ5jTiznvCGYBwNnfuQYmyWf7KSgotkgXdUpBP6hG,2024-07-08T17:13:31Z,FSkWCoGj3bZ7xhd87vdir2FbLYbxk46zgr6tyPsch9kd,ndjGh8iMeCRUfAag1nTB8PbFaimDXYVB1ZpPdA6Viyh,0.00203928,So11111111111111111111111111111111111111112,NATIVE_TRANSFER
3ALd7FeJkechm7MMLaDkSgxkepLD2BRfBf5deGz6aEuUNXsQQ5jTiznvCGYBwNnfuQYmyWf7KSgotkgXdUpBP6hG,2024-07-08T17:13:31Z,5mSJnKSUmV2CWRpAYydiugCfzKmRvbPQ6ZJ3pdTLDpfS,ndjGh8iMeCRUfAag1nTB8PbFaimDXYVB1ZpPdA6Viyh,0.00203928,So11111111111111111111111111111111111111112,NATIVE_TRANSFER
3ALd7FeJkechm7MMLaDkSgxkepLD2BRfBf5deGz6aEuUNXsQQ5jTiznvCGYBwNnfuQYmyWf7KSgotkgXdUpBP6hG,2024-07-08T17:13:31Z,E2VQJ9Hn9oYabyBDPZoJxCFsLEt1Kpy2U7AuhYPeBhf,ndjGh8iMeCRUfAag1nTB8PbFaimDXYVB1ZpPdA6Viyh,0.00203928,So11111111111111111111111111111111111111112,NATIVE_TRANSFER
3ALd7FeJkechm7MMLaDkSgxkepLD2BRfBf5deGz6aEuUNXsQQ5jTiznvCGYBwNnfuQYmyWf7KSgotkgXdUpBP6hG,2024-07-08T17:13:31Z,EigetBnvvjmR5N15bQYGuk8X6VBpNgzYrApr62Rwu2Lg,ndjGh8iMeCRUfAag1nTB8PbFaimDXYVB1ZpPdA6Viyh,0.00203928,So11111111111111111111111111111111111111112,NATIVE_TRANSFER
3ALd7FeJkechm7MMLaDkSgxkepLD2BRfBf5deGz6aEuUNXsQQ5jTiznvCGYBwNnfuQYmyWf7KSgotkgXdUpBP6hG,2024-07-08T17:13:31Z,9CjbAJGJYors6JbhTVgFTeu65WHtvofVBwFAdDTk949w,ndjGh8iMeCRUfAag1nTB8PbFaimDXYVB1ZpPdA6Viyh,0.00203928,So11111111111111111111111111111111111111112,NATIVE_TRANSFER
3ALd7FeJkechm7MMLaDkSgxkepLD2BRfBf5deGz6aEuUNXsQQ5jTiznvCGYBwNnfuQYmyWf7KSgotkgXdUpBP6hG,2024-07-08T17:13:31Z,8xicaPETPH6vVFfdBPLH3hpEMKHEGxPbdnwJMhe767VA,ndjGh8iMeCRUfAag1nTB8PbFaimDXYVB1ZpPdA6Viyh,0.00203928,So11111111111111111111111111111111111111112,NATIVE_TRANSFER
3ALd7FeJkechm7MMLaDkSgxkepLD2BRfBf5deGz6aEuUNXsQQ5jTiznvCGYBwNnfuQYmyWf7KSgotkgXdUpBP6hG,2024-07-08T17:13:31Z,6XbPWNn8dsRsA68rFEfnFt19mSaXdxkyfc3ZuPRbRaHy,ndjGh8iMeCRUfAag1nTB8PbFaimDXYVB1ZpPdA6Viyh,0.00203928,So11111111111111111111111111111111111111112,NATIVE_TRANSFER
3ALd7FeJkechm7MMLaDkSgxkepLD2BRfBf5deGz6aEuUNXsQQ5jTiznvCGYBwNnfuQYmyWf7KSgotkgXdUpBP6hG,2024-07-08T17:13:31Z,BYM2Qz61oVomA8f9Ga9MGii5p2Zm7LLtrnBtrZdMQrTz,ndjGh8iMeCRUfAag1nTB8PbFaimDXYVB1ZpPdA6Viyh,0.00203928,So11111111111111111111111111111111111111112,NATIVE_TRANSFER
3Szdq3LSX84ZEbj3RQX636Wdno7wor9hrtnAhZLUCm7GvcGLVYvne8vzwjoSyywXKs4iknkxPEfkJ5SXksgkjnEa,2024-07-08T17:13:10Z,ndjGh8iMeCRUfAag1nTB8PbFaimDXYVB1ZpPdA6Viyh,CLAiMtZ6Up7LVVq6TGQwog2zZMoZDRWk11NWn989yHKz,0.009380688,So11111111111111111111111111111111111111112,NATIVE_TRANSFER
3Szdq3LSX84ZEbj3RQX636Wdno7wor9hrtnAhZLUCm7GvcGLVYvne8vzwjoSyywXKs4iknkxPEfkJ5SXksgkjnEa,2024-07-08T17:13:10Z,JDvJwrZkL5vSuQEqNJrbU2qe9QgqQX46KWM3pXa4226p,ndjGh8iMeCRUfAag1nTB8PbFaimDXYVB1ZpPdA6Viyh,0.00203928,So11111111111111111111111111111111111111112,NATIVE_TRANSFER
3Szdq3LSX84ZEbj3RQX636Wdno7wor9hrtnAhZLUCm7GvcGLVYvne8vzwjoSyywXKs4iknkxPEfkJ5SXksgkjnEa,2024-07-08T17:13:10Z,J69s4q9CpsSUJ6YdTSLtL3oaAb8KjcymfPJbMKqfTYLa,ndjGh8iMeCRUfAag1nTB8PbFaimDXYVB1ZpPdA6Viyh,0.00203928,So11111111111111111111111111111111111111112,NATIVE_TRANSFER
3Szdq3LSX84ZEbj3RQX636Wdno7wor9hrtnAhZLUCm7GvcGLVYvne8vzwjoSyywXKs4iknkxPEfkJ5SXksgkjnEa,2024-07-08T17:13:10Z,F9xPpBXnanRhK7Erm66AEYXQn6sm9uifLa5ADSEYCfBx,ndjGh8iMeCRUfAag1nTB8PbFaimDXYVB1ZpPdA6Viyh,0.00203928,So11111111111111111111111111111111111111112,NATIVE_TRANSFER
3Szdq3LSX84ZEbj3RQX636Wdno7wor9hrtnAhZLUCm7GvcGLVYvne8vzwjoSyywXKs4iknkxPEfkJ5SXksgkjnEa,2024-07-08T17:13:10Z,2chNX2A1X3MvdSELxy3LeccyvvDPxUNUXkqwwREDKq3z,ndjGh8iMeCRUfAag1nTB8PbFaimDXYVB1ZpPdA6Viyh,0.00203928,So11111111111111111111111111111111111111112,NATIVE_TRANSFER
3Szdq3LSX84ZEbj3RQX636Wdno7wor9hrtnAhZLUCm7GvcGLVYvne8vzwjoSyywXKs4iknkxPEfkJ5SXksgkjnEa,2024-07-08T17:13:10Z,Giddc4qPHjiDfEyfYd9wTmhtTtdEYjrnSaLnScVawwr6,ndjGh8iMeCRUfAag1nTB8PbFaimDXYVB1ZpPdA6Viyh,0.00203928,So11111111111111111111111111111111111111112,NATIVE_TRANSFER
3Szdq3LSX84ZEbj3RQX636Wdno7wor9hrtnAhZLUCm7GvcGLVYvne8vzwjoSyywXKs4iknkxPEfkJ5SXksgkjnEa,2024-07-08T17:13:10Z,2xXMvpBYmgog6ij8tu3Eyck3Sc7hspkRnhteJWyk3J1U,ndjGh8iMeCRUfAag1nTB8PbFaimDXYVB1ZpPdA6Viyh,0.00203928,So11111111111111111111111111111111111111112,NATIVE_TRANSFER
3Szdq3LSX84ZEbj3RQX636Wdno7wor9hrtnAhZLUCm7GvcGLVYvne8vzwjoSyywXKs4iknkxPEfkJ5SXksgkjnEa,2024-07-08T17:13:10Z,GW6Zndk3PqY8xHEef29mcuJ2VVyMHViH4vGtAc8tjDzE,ndjGh8iMeCRUfAag1nTB8PbFaimDXYVB1ZpPdA6Viyh,0.00203928,So11111111111111111111111111111111111111112,NATIVE_TRANSFER
3Szdq3LSX84ZEbj3RQX636Wdno7wor9hrtnAhZLUCm7GvcGLVYvne8vzwjoSyywXKs4iknkxPEfkJ5SXksgkjnEa,2024-07-08T17:13:10Z,CbckZqXgv6Az2JbpsEJvXuzXRwy3f2UVTVggKAC8eMJX,ndjGh8iMeCRUfAag1nTB8PbFaimDXYVB1ZpPdA6Viyh,0.00203928,So11111111111111111111111111111111111111112,NATIVE_TRANSFER
3Szdq3LSX84ZEbj3RQX636Wdno7wor9hrtnAhZLUCm7GvcGLVYvne8vzwjoSyywXKs4iknkxPEfkJ5SXksgkjnEa,2024-07-08T17:13:10Z,E1hYjAsJRZt9GVMtLLnQs2UEADQ1et5UNt2eyyNMtNJs,ndjGh8iMeCRUfAag1nTB8PbFaimDXYVB1ZpPdA6Viyh,0.00203928,So11111111111111111111111111111111111111112,NATIVE_TRANSFER
3Szdq3LSX84ZEbj3RQX636Wdno7wor9hrtnAhZLUCm7GvcGLVYvne8vzwjoSyywXKs4iknkxPEfkJ5SXksgkjnEa,2024-07-08T17:13:10Z,D9jayA7e8JvFZrZQBpMJvBYWuU99A61tYaH8N3uW5ZMB,ndjGh8iMeCRUfAag1nTB8PbFaimDXYVB1ZpPdA6Viyh,0.00203928,So11111111111111111111111111111111111111112,NATIVE_TRANSFER
3Szdq3LSX84ZEbj3RQX636Wdno7wor9hrtnAhZLUCm7GvcGLVYvne8vzwjoSyywXKs4iknkxPEfkJ5SXksgkjnEa,2024-07-08T17:13:10Z,H6vK5ff2RfmwVc6Q6QRuDmR9XxJaYTqZ7EBqVEzDa4Qa,ndjGh8iMeCRUfAag1nTB8PbFaimDXYVB1ZpPdA6Viyh,0.00203928,So11111111111111111111111111111111111111112,NATIVE_TRANSFER
3Szdq3LSX84ZEbj3RQX636Wdno7wor9hrtnAhZLUCm7GvcGLVYvne8vzwjoSyywXKs4iknkxPEfkJ5SXksgkjnEa,2024-07-08T17:13:10Z,XdMiFdtL1BLBbEmYeMfFYexdq25b8xc1PE78fYqLvgi,ndjGh8iMeCRUfAag1nTB8PbFaimDXYVB1ZpPdA6Viyh,0.00203928,So11111111111111111111111111111111111111112,NATIVE_TRANSFER
3Szdq3LSX84ZEbj3RQX636Wdno7wor9hrtnAhZLUCm7GvcGLVYvne8vzwjoSyywXKs4iknkxPEfkJ5SXksgkjnEa,2024-07-08T17:13:10Z,9PFZ1Moa2cwZuoyq3XyiiLQBew5U6a3GTfnFGby8Yhk9,ndjGh8iMeCRUfAag1nTB8PbFaimDXYVB1ZpPdA6Viyh,0.00203928,So11111111111111111111111111111111111111112,NATIVE_TRANSFER
3Szdq3LSX84ZEbj3RQX636Wdno7wor9hrtnAhZLUCm7GvcGLVYvne8vzwjoSyywXKs4iknkxPEfkJ5SXksgkjnEa,2024-07-08T17:13:10Z,4SHB8d3ZrDp4b5F4qteocyMPxEzWqbcLtWGLUvTy9F43,ndjGh8iMeCRUfAag1nTB8PbFaimDXYVB1ZpPdA6Viyh,0.00203928,So11111111111111111111111111111111111111112,NATIVE_TRANSFER
3Szdq3LSX84ZEbj3RQX636Wdno7wor9hrtnAhZLUCm7GvcGLVYvne8vzwjoSyywXKs4iknkxPEfkJ5SXksgkjnEa,2024-07-08T17:13:10Z,BFwCcXDbmJhfpN5eCbSA7Hh4dbEDfKGAHDqNJgMTjWdt,ndjGh8iMeCRUfAag1nTB8PbFaimDXYVB1ZpPdA6Viyh,0.00203928,So11111111111111111111111111111111111111112,NATIVE_TRANSFER
3Szdq3LSX84ZEbj3RQX636Wdno7wor9hrtnAhZLUCm7GvcGLVYvne8vzwjoSyywXKs4iknkxPEfkJ5SXksgkjnEa,2024-07-08T17:13:10Z,95hZYDxUSSag3jUEtzAZZNPeozR2khrXyKxsisQXArEW,ndjGh8iMeCRUfAag1nTB8PbFaimDXYVB1ZpPdA6Viyh,0.00203928,So11111111111111111111111111111111111111112,NATIVE_TRANSFER
3Szdq3LSX84ZEbj3RQX636Wdno7wor9hrtnAhZLUCm7GvcGLVYvne8vzwjoSyywXKs4iknkxPEfkJ5SXksgkjnEa,2024-07-08T17:13:10Z,FVAyscbA2hwJYmjXqQxvLBzNZ2L3Ujdy74zi7iqBTT4G,ndjGh8iMeCRUfAag1nTB8PbFaimDXYVB1ZpPdA6Viyh,0.00203928,So11111111111111111111111111111111111111112,NATIVE_TRANSFER
3Szdq3LSX84ZEbj3RQX636Wdno7wor9hrtnAhZLUCm7GvcGLVYvne8vzwjoSyywXKs4iknkxPEfkJ5SXksgkjnEa,2024-07-08T17:13:10Z,HJvc8mJDepv5y6AWCx55NsAar9vgD7ejo5nmXoVKm3Ny,ndjGh8iMeCRUfAag1nTB8PbFaimDXYVB1ZpPdA6Viyh,0.00203928,So11111111111111111111111111111111111111112,NATIVE_TRANSFER
3Szdq3LSX84ZEbj3RQX636Wdno7wor9hrtnAhZLUCm7GvcGLVYvne8vzwjoSyywXKs4iknkxPEfkJ5SXksgkjnEa,2024-07-08T17:13:10Z,ECYtgv6D4FMrtXC2UZ4CHsxXrt1CZxw4BvFaGKKvpzFk,ndjGh8iMeCRUfAag1nTB8PbFaimDXYVB1ZpPdA6Viyh,0.00203928,So11111111111111111111111111111111111111112,NATIVE_TRANSFER
3Szdq3LSX84ZEbj3RQX636Wdno7wor9hrtnAhZLUCm7GvcGLVYvne8vzwjoSyywXKs4iknkxPEfkJ5SXksgkjnEa,2024-07-08T17:13:10Z,8mUQUxQWvqrMNGSMRMVEtGuSRprAjjyvQEw8y82DSHTX,ndjGh8iMeCRUfAag1nTB8PbFaimDXYVB1ZpPdA6Viyh,0.00203928,So11111111111111111111111111111111111111112,NATIVE_TRANSFER
3Szdq3LSX84ZEbj3RQX636Wdno7wor9hrtnAhZLUCm7GvcGLVYvne8vzwjoSyywXKs4iknkxPEfkJ5SXksgkjnEa,2024-07-08T17:13:10Z,HQmStPrBL5predkZgrBD69EjmWLpGU7QhWdqd8rchmWy,ndjGh8iMeCRUfAag1nTB8PbFaimDXYVB1ZpPdA6Viyh,0.00203928,So11111111111111111111111111111111111111112,NATIVE_TRANSFER
3Szdq3LSX84ZEbj3RQX636Wdno7wor9hrtnAhZLUCm7GvcGLVYvne8vzwjoSyywXKs4iknkxPEfkJ5SXksgkjnEa,2024-07-08T17:13:10Z,BqGB5eKxNJPQzQfcofStm4tMqpE92GJNLZr8SY2Xm8MP,ndjGh8iMeCRUfAag1nTB8PbFaimDXYVB1ZpPdA6Viyh,0.00203928,So11111111111111111111111111111111111111112,NATIVE_TRANSFER
3Szdq3LSX84ZEbj3RQX636Wdno7wor9hrtnAhZLUCm7GvcGLVYvne8vzwjoSyywXKs4iknkxPEfkJ5SXksgkjnEa,2024-07-08T17:13:10Z,3aZTxjxuNCE5nWYVMRZJ22suSM3sFm5DFLZ234wa2p66,ndjGh8iMeCRUfAag1nTB8PbFaimDXYVB1ZpPdA6Viyh,0.00203928,So11111111111111111111111111111111111111112,NATIVE_TRANSFER
5QcFrroBe1ekfWdKGUHy8kCiqRjfJkfQwt9hK1avwC7RJ3p7675zFT3cRgB6LNKi3QkKVe4LTDQ6DpuJBqRfM41c,2024-07-08T17:12:56Z,ndjGh8iMeCRUfAag1nTB8PbFaimDXYVB1ZpPdA6Viyh,CLAiMtZ6Up7LVVq6TGQwog2zZMoZDRWk11NWn989yHKz,0.009380688,So11111111111111111111111111111111111111112,NATIVE_TRANSFER
5QcFrroBe1ekfWdKGUHy8kCiqRjfJkfQwt9hK1avwC7RJ3p7675zFT3cRgB6LNKi3QkKVe4LTDQ6DpuJBqRfM41c,2024-07-08T17:12:56Z,6KCMGUbwjzmFCe9pVEFvGLdC9TmxjYd4nFEjh2A8eCDN,ndjGh8iMeCRUfAag1nTB8PbFaimDXYVB1ZpPdA6Viyh,0.00203928,So11111111111111111111111111111111111111112,NATIVE_TRANSFER
5QcFrroBe1ekfWdKGUHy8kCiqRjfJkfQwt9hK1avwC7RJ3p7675zFT3cRgB6LNKi3QkKVe4LTDQ6DpuJBqRfM41c,2024-07-08T17:12:56Z,2N1Yg5jbjxjbWHbETHGoRgZtTWUk4u6SYb1iBg8fSpVJ,ndjGh8iMeCRUfAag1nTB8PbFaimDXYVB1ZpPdA6Viyh,0.00203928,So11111111111111111111111111111111111111112,NATIVE_TRANSFER
5QcFrroBe1ekfWdKGUHy8kCiqRjfJkfQwt9hK1avwC7RJ3p7675zFT3cRgB6LNKi3QkKVe4LTDQ6DpuJBqRfM41c,2024-07-08T17:12:56Z,AVjuuf7TLvdp1CbGnNSyK85R5Pso4czMBizNzgDst56N,ndjGh8iMeCRUfAag1nTB8PbFaimDXYVB1ZpPdA6Viyh,0.00203928,So11111111111111111111111111111111111111112,NATIVE_TRANSFER
5QcFrroBe1ekfWdKGUHy8kCiqRjfJkfQwt9hK1avwC7RJ3p7675zFT3cRgB6LNKi3QkKVe4LTDQ6DpuJBqRfM41c,2024-07-08T17:12:56Z,ERPd3P2LW9xkVihBHE2rXk4EgcKFWjdAP48kwCTSpYTF,ndjGh8iMeCRUfAag1nTB8PbFaimDXYVB1ZpPdA6Viyh,0.00203928,So11111111111111111111111111111111111111112,NATIVE_TRANSFER
5QcFrroBe1ekfWdKGUHy8kCiqRjfJkfQwt9hK1avwC7RJ3p7675zFT3cRgB6LNKi3QkKVe4LTDQ6DpuJBqRfM41c,2024-07-08T17:12:56Z,2EF7vB72RG5BVNr8cqSR4hnTos9VqRE5JJxRmAk7SFmU,ndjGh8iMeCRUfAag1nTB8PbFaimDXYVB1ZpPdA6Viyh,0.00203928,So11111111111111111111111111111111111111112,NATIVE_TRANSFER
5QcFrroBe1ekfWdKGUHy8kCiqRjfJkfQwt9hK1avwC7RJ3p7675zFT3cRgB6LNKi3QkKVe4LTDQ6DpuJBqRfM41c,2024-07-08T17:12:56Z,CcNhXqoE44yZDkootgVqiVnqVgLBRV7HiWGo8Wtdw1TC,ndjGh8iMeCRUfAag1nTB8PbFaimDXYVB1ZpPdA6Viyh,0.00203928,So11111111111111111111111111111111111111112,NATIVE_TRANSFER
5QcFrroBe1ekfWdKGUHy8kCiqRjfJkfQwt9hK1avwC7RJ3p7675zFT3cRgB6LNKi3QkKVe4LTDQ6DpuJBqRfM41c,2024-07-08T17:12:56Z,2nxiGg2s5Z695o3LehD3Em3BbZQij1RoN8X5CWcG7Nki,ndjGh8iMeCRUfAag1nTB8PbFaimDXYVB1ZpPdA6Viyh,0.00203928,So11111111111111111111111111111111111111112,NATIVE_TRANSFER
5QcFrroBe1ekfWdKGUHy8kCiqRjfJkfQwt9hK1avwC7RJ3p7675zFT3cRgB6LNKi3QkKVe4LTDQ6DpuJBqRfM41c,2024-07-08T17:12:56Z,AwMiSKN2poojvBDdxbwyn9Y9Jd4fKHyzPgiocJUvYevF,ndjGh8iMeCRUfAag1nTB8PbFaimDXYVB1ZpPdA6Viyh,0.00203928,So11111111111111111111111111111111111111112,NATIVE_TRANSFER
5QcFrroBe1ekfWdKGUHy8kCiqRjfJkfQwt9hK1avwC7RJ3p7675zFT3cRgB6LNKi3QkKVe4LTDQ6DpuJBqRfM41c,2024-07-08T17:12:56Z,CTb9zfvWLWqHLomiwQ68dgWTe3MvHWfAmi1xqpF37Ebe,ndjGh8iMeCRUfAag1nTB8PbFaimDXYVB1ZpPdA6Viyh,0.00203928,So11111111111111111111111111111111111111112,NATIVE_TRANSFER
5QcFrroBe1ekfWdKGUHy8kCiqRjfJkfQwt9hK1avwC7RJ3p7675zFT3cRgB6LNKi3QkKVe4LTDQ6DpuJBqRfM41c,2024-07-08T17:12:56Z,GDYbievPTvLUfVSdXRorYzPGCwUPDgqj3ucqV3DnfQXw,ndjGh8iMeCRUfAag1nTB8PbFaimDXYVB1ZpPdA6Viyh,0.00203928,So11111111111111111111111111111111111111112,NATIVE_TRANSFER
5QcFrroBe1ekfWdKGUHy8kCiqRjfJkfQwt9hK1avwC7RJ3p7675zFT3cRgB6LNKi3QkKVe4LTDQ6DpuJBqRfM41c,2024-07-08T17:12:56Z,ARhneYhzNUG6ErhSjwR8Xwnxuf25dYP2jcMRb9mAHwDb,ndjGh8iMeCRUfAag1nTB8PbFaimDXYVB1ZpPdA6Viyh,0.00203928,So11111111111111111111111111111111111111112,NATIVE_TRANSFER
5QcFrroBe1ekfWdKGUHy8kCiqRjfJkfQwt9hK1avwC7RJ3p7675zFT3cRgB6LNKi3QkKVe4LTDQ6DpuJBqRfM41c,2024-07-08T17:12:56Z,63682vKhXo2b8TPKVfTAcrybwLZZM8yDCvMHCtEajJGj,ndjGh8iMeCRUfAag1nTB8PbFaimDXYVB1ZpPdA6Viyh,0.00203928,So11111111111111111111111111111111111111112,NATIVE_TRANSFER
5QcFrroBe1ekfWdKGUHy8kCiqRjfJkfQwt9hK1avwC7RJ3p7675zFT3cRgB6LNKi3QkKVe4LTDQ6DpuJBqRfM41c,2024-07-08T17:12:56Z,EH6pYUJySATzLixBQAZAkQHmiHpq92Pi5CiiBfdRiDm2,ndjGh8iMeCRUfAag1nTB8PbFaimDXYVB1ZpPdA6Viyh,0.00203928,So11111111111111111111111111111111111111112,NATIVE_TRANSFER
5QcFrroBe1ekfWdKGUHy8kCiqRjfJkfQwt9hK1avwC7RJ3p7675zFT3cRgB6LNKi3QkKVe4LTDQ6DpuJBqRfM41c,2024-07-08T17:12:56Z,GQrqh67hvDq33R15P2Q4XsFz3XHZqYmaD4Cc4VMWQX32,ndjGh8iMeCRUfAag1nTB8PbFaimDXYVB1ZpPdA6Viyh,0.00203928,So11111111111111111111111111111111111111112,NATIVE_TRANSFER
5QcFrroBe1ekfWdKGUHy8kCiqRjfJkfQwt9hK1avwC7RJ3p7675zFT3cRgB6LNKi3QkKVe4LTDQ6DpuJBqRfM41c,2024-07-08T17:12:56Z,8o6a3LUEVfzafFHBiEoucfFqGazE8C8B6NkSVsYhMyNe,ndjGh8iMeCRUfAag1nTB8PbFaimDXYVB1ZpPdA6Viyh,0.00203928,So11111111111111111111111111111111111111112,NATIVE_TRANSFER
5QcFrroBe1ekfWdKGUHy8kCiqRjfJkfQwt9hK1avwC7RJ3p7675zFT3cRgB6LNKi3QkKVe4LTDQ6DpuJBqRfM41c,2024-07-08T17:12:56Z,7T96DZfd25so5EeWVb8XCkUjyVVHNX8sZrTUoVhV33hM,ndjGh8iMeCRUfAag1nTB8PbFaimDXYVB1ZpPdA6Viyh,0.00203928,So11111111111111111111111111111111111111112,NATIVE_TRANSFER
5QcFrroBe1ekfWdKGUHy8kCiqRjfJkfQwt9hK1avwC7RJ3p7675zFT3cRgB6LNKi3QkKVe4LTDQ6DpuJBqRfM41c,2024-07-08T17:12:56Z,FSFeidez6BC2VKaZkFDG6r1SQNJoG1M9wy9yMvxSGVSM,ndjGh8iMeCRUfAag1nTB8PbFaimDXYVB1ZpPdA6Viyh,0.00203928,So11111111111111111111111111111111111111112,NATIVE_TRANSFER
5QcFrroBe1ekfWdKGUHy8kCiqRjfJkfQwt9hK1avwC7RJ3p7675zFT3cRgB6LNKi3QkKVe4LTDQ6DpuJBqRfM41c,2024-07-08T17:12:56Z,EWEa1sfGxGgVXh1SPvvA5RcpqrUCcJqSaexEvaz6qEPp,ndjGh8iMeCRUfAag1nTB8PbFaimDXYVB1ZpPdA6Viyh,0.00203928,So11111111111111111111111111111111111111112,NATIVE_TRANSFER
5QcFrroBe1ekfWdKGUHy8kCiqRjfJkfQwt9hK1avwC7RJ3p7675zFT3cRgB6LNKi3QkKVe4LTDQ6DpuJBqRfM41c,2024-07-08T17:12:56Z,8gBSEvUDK8ZhRRKZd3ACLVcHdgEpnhmcrUzqkJ3xWHu,ndjGh8iMeCRUfAag1nTB8PbFaimDXYVB1ZpPdA6Viyh,0.00203928,So11111111111111111111111111111111111111112,NATIVE_TRANSFER
5QcFrroBe1ekfWdKGUHy8kCiqRjfJkfQwt9hK1avwC7RJ3p7675zFT3cRgB6LNKi3QkKVe4LTDQ6DpuJBqRfM41c,2024-07-08T17:12:56Z,8kx1RUc79BhJRUhneo9B2hxtynCfWFYLjo4eJpXuzsyy,ndjGh8iMeCRUfAag1nTB8PbFaimDXYVB1ZpPdA6Viyh,0.00203928,So11111111111111111111111111111111111111112,NATIVE_TRANSFER
5QcFrroBe1ekfWdKGUHy8kCiqRjfJkfQwt9hK1avwC7RJ3p7675zFT3cRgB6LNKi3QkKVe4LTDQ6DpuJBqRfM41c,2024-07-08T17:12:56Z,GMQKRL7WQ19aFQC3wWrajrg8wSwEyc8tvHz1Gu6JMMjt,ndjGh8iMeCRUfAag1nTB8PbFaimDXYVB1ZpPdA6Viyh,0.00203928,So11111111111111111111111111111111111111112,NATIVE_TRANSFER
5QcFrroBe1ekfWdKGUHy8kCiqRjfJkfQwt9hK1avwC7RJ3p7675zFT3cRgB6LNKi3QkKVe4LTDQ6DpuJBqRfM41c,2024-07-08T17:12:56Z,FCw3iyxpLoK9QtYKvXzDCfVBwdW3QjyVpremQMS3RPpC,ndjGh8iMeCRUfAag1nTB8PbFaimDXYVB1ZpPdA6Viyh,0.00203928,So11111111111111111111111111111111111111112,NATIVE_TRANSFER
5QcFrroBe1ekfWdKGUHy8kCiqRjfJkfQwt9hK1avwC7RJ3p7675zFT3cRgB6LNKi3QkKVe4LTDQ6DpuJBqRfM41c,2024-07-08T17:12:56Z,4WpJz4k6U91QBUuBmzBxgL9B2AGy956QJZcRghv689q2,ndjGh8iMeCRUfAag1nTB8PbFaimDXYVB1ZpPdA6Viyh,0.00203928,So11111111111111111111111111111111111111112,NATIVE_TRANSFER
k3zQB1V2ghRpqYDC4wciQ2zKPa4jjspAdwp9NLL88D7UhqjvF3aT8vWM885G1WJ9DtaWsiUYizwTMGFGpvZskN5,2024-07-08T17:12:49Z,ndjGh8iMeCRUfAag1nTB8PbFaimDXYVB1ZpPdA6Viyh,CLAiMtZ6Up7LVVq6TGQwog2zZMoZDRWk11NWn989yHKz,0.009380688,So11111111111111111111111111111111111111112,NATIVE_TRANSFER
k3zQB1V2ghRpqYDC4wciQ2zKPa4jjspAdwp9NLL88D7UhqjvF3aT8vWM885G1WJ9DtaWsiUYizwTMGFGpvZskN5,2024-07-08T17:12:49Z,7s6SMEe3nRjPdWydW6hpb7dK4cpDXoGwwe5cZ3QTgvX9,ndjGh8iMeCRUfAag1nTB8PbFaimDXYVB1ZpPdA6Viyh,0.00203928,So11111111111111111111111111111111111111112,NATIVE_TRANSFER
k3zQB1V2ghRpqYDC4wciQ2zKPa4jjspAdwp9NLL88D7UhqjvF3aT8vWM885G1WJ9DtaWsiUYizwTMGFGpvZskN5,2024-07-08T17:12:49Z,J8XKzWju5UrHnNf6WVPW6CtfypTLmsi9xqdPa8yHJSms,ndjGh8iMeCRUfAag1nTB8PbFaimDXYVB1ZpPdA6Viyh,0.00203928,So11111111111111111111111111111111111111112,NATIVE_TRANSFER
k3zQB1V2ghRpqYDC4wciQ2zKPa4jjspAdwp9NLL88D7UhqjvF3aT8vWM885G1WJ9DtaWsiUYizwTMGFGpvZskN5,2024-07-08T17:12:49Z,hX7WLUYS1zS1HxwKT9PdDcapaz2ia8prtYShfW5UJJE,ndjGh8iMeCRUfAag1nTB8PbFaimDXYVB1ZpPdA6Viyh,0.00203928,So11111111111111111111111111111111111111112,NATIVE_TRANSFER
k3zQB1V2ghRpqYDC4wciQ2zKPa4jjspAdwp9NLL88D7UhqjvF3aT8vWM885G1WJ9DtaWsiUYizwTMGFGpvZskN5,2024-07-08T17:12:49Z,EfwuPUwL3wBnHYeTK8ZXzagVkuQ4Joue5R77zA4TB2mN,ndjGh8iMeCRUfAag1nTB8PbFaimDXYVB1ZpPdA6Viyh,0.00203928,So11111111111111111111111111111111111111112,NATIVE_TRANSFER
k3zQB1V2ghRpqYDC4wciQ2zKPa4jjspAdwp9NLL88D7UhqjvF3aT8vWM885G1WJ9DtaWsiUYizwTMGFGpvZskN5,2024-07-08T17:12:49Z,7raEAekrsxGwPa8SpfdCa2RfSp7mJQ7bNMyuRxbbRQR3,ndjGh8iMeCRUfAag1nTB8PbFaimDXYVB1ZpPdA6Viyh,0.00203928,So11111111111111111111111111111111111111112,NATIVE_TRANSFER
k3zQB1V2ghRpqYDC4wciQ2zKPa4jjspAdwp9NLL88D7UhqjvF3aT8vWM885G1WJ9DtaWsiUYizwTMGFGpvZskN5,2024-07-08T17:12:49Z,7gwJxB1akb8UMv79SstG2QKyyEEa7L3AP77KUKegb69o,ndjGh8iMeCRUfAag1nTB8PbFaimDXYVB1ZpPdA6Viyh,0.00203928,So11111111111111111111111111111111111111112,NATIVE_TRANSFER
k3zQB1V2ghRpqYDC4wciQ2zKPa4jjspAdwp9NLL88D7UhqjvF3aT8vWM885G1WJ9DtaWsiUYizwTMGFGpvZskN5,2024-07-08T17:12:49Z,3LM9vtq1WwPNcP9zmALbmB6d89eUNRC2jRZ6Pxsm2AY7,ndjGh8iMeCRUfAag1nTB8PbFaimDXYVB1ZpPdA6Viyh,0.00203928,So11111111111111111111111111111111111111112,NATIVE_TRANSFER
k3zQB1V2ghRpqYDC4wciQ2zKPa4jjspAdwp9NLL88D7UhqjvF3aT8vWM885G1WJ9DtaWsiUYizwTMGFGpvZskN5,2024-07-08T17:12:49Z,7NktkoyhiurdieXzmVsLi6d7kHiGuR4uTyjhsfofFdM1,ndjGh8iMeCRUfAag1nTB8PbFaimDXYVB1ZpPdA6Viyh,0.00203928,So11111111111111111111111111111111111111112,NATIVE_TRANSFER
k3zQB1V2ghRpqYDC4wciQ2zKPa4jjspAdwp9NLL88D7UhqjvF3aT8vWM885G1WJ9DtaWsiUYizwTMGFGpvZskN5,2024-07-08T17:12:49Z,J6YcH6vd4ALBkFNodCH3cmkkpWL9F15ZtBoc9DgjiekG,ndjGh8iMeCRUfAag1nTB8PbFaimDXYVB1ZpPdA6Viyh,0.00203928,So11111111111111111111111111111111111111112,NATIVE_TRANSFER
k3zQB1V2ghRpqYDC4wciQ2zKPa4jjspAdwp9NLL88D7UhqjvF3aT8vWM885G1WJ9DtaWsiUYizwTMGFGpvZskN5,2024-07-08T17:12:49Z,2kHrVLZVnUt6rRt5so2S4E6ofYmZBD1WvzkW667QmjPa,ndjGh8iMeCRUfAag1nTB8PbFaimDXYVB1ZpPdA6Viyh,0.00203928,So11111111111111111111111111111111111111112,NATIVE_TRANSFER
k3zQB1V2ghRpqYDC4wciQ2zKPa4jjspAdwp9NLL88D7UhqjvF3aT8vWM885G1WJ9DtaWsiUYizwTMGFGpvZskN5,2024-07-08T17:12:49Z,A5xTfYd5qUoCj4HPPPkyWRH9GM3Gp6p1wmJWrTMVtixS,ndjGh8iMeCRUfAag1nTB8PbFaimDXYVB1ZpPdA6Viyh,0.00203928,So11111111111111111111111111111111111111112,NATIVE_TRANSFER
k3zQB1V2ghRpqYDC4wciQ2zKPa4jjspAdwp9NLL88D7UhqjvF3aT8vWM885G1WJ9DtaWsiUYizwTMGFGpvZskN5,2024-07-08T17:12:49Z,9VxCx9StZqq6vrk1FZhD2rPaJcpnt8i4h3C158EZ1ynz,ndjGh8iMeCRUfAag1nTB8PbFaimDXYVB1ZpPdA6Viyh,0.00203928,So11111111111111111111111111111111111111112,NATIVE_TRANSFER
k3zQB1V2ghRpqYDC4wciQ2zKPa4jjspAdwp9NLL88D7UhqjvF3aT8vWM885G1WJ9DtaWsiUYizwTMGFGpvZskN5,2024-07-08T17:12:49Z,GLCFBSU9ajrmG4mZR1Dtkfv4jH1BmUcehRXv6jFMQLtD,ndjGh8iMeCRUfAag1nTB8PbFaimDXYVB1ZpPdA6Viyh,0.00203928,So11111111111111111111111111111111111111112,NATIVE_TRANSFER
k3zQB1V2ghRpqYDC4wciQ2zKPa4jjspAdwp9NLL88D7UhqjvF3aT8vWM885G1WJ9DtaWsiUYizwTMGFGpvZskN5,2024-07-08T17:12:49Z,4Yt3CR95djPuumXBb2WPRvG3NsmoLvyZLgZNFfE5eToK,ndjGh8iMeCRUfAag1nTB8PbFaimDXYVB1ZpPdA6Viyh,0.00203928,So11111111111111111111111111111111111111112,NATIVE_TRANSFER
k3zQB1V2ghRpqYDC4wciQ2zKPa4jjspAdwp9NLL88D7UhqjvF3aT8vWM885G1WJ9DtaWsiUYizwTMGFGpvZskN5,2024-07-08T17:12:49Z,4DotK3Fjbhkht7xh2m2dC8dPhUvdrhYdiGfg4ZNzCf1Y,ndjGh8iMeCRUfAag1nTB8PbFaimDXYVB1ZpPdA6Viyh,0.00203928,So11111111111111111111111111111111111111112,NATIVE_TRANSFER
k3zQB1V2ghRpqYDC4wciQ2zKPa4jjspAdwp9NLL88D7UhqjvF3aT8vWM885G1WJ9DtaWsiUYizwTMGFGpvZskN5,2024-07-08T17:12:49Z,8j98CLZ8FJB5JsDETR5rLUEmmosFKAnfenP4qxSsAtiU,ndjGh8iMeCRUfAag1nTB8PbFaimDXYVB1ZpPdA6Viyh,0.00203928,So11111111111111111111111111111111111111112,NATIVE_TRANSFER
k3zQB1V2ghRpqYDC4wciQ2zKPa4jjspAdwp9NLL88D7UhqjvF3aT8vWM885G1WJ9DtaWsiUYizwTMGFGpvZskN5,2024-07-08T17:12:49Z,J5fDZfAikEfYRdPpnCs1Ak1oR12UX32G4QAYhpEioyuD,ndjGh8iMeCRUfAag1nTB8PbFaimDXYVB1ZpPdA6Viyh,0.00203928,So11111111111111111111111111111111111111112,NATIVE_TRANSFER
k3zQB1V2ghRpqYDC4wciQ2zKPa4jjspAdwp9NLL88D7UhqjvF3aT8vWM885G1WJ9DtaWsiUYizwTMGFGpvZskN5,2024-07-08T17:12:49Z,9xSjiK9WhUjxeoQUzs3VR1zhWyETAkNkwpfvkyLicqjs,ndjGh8iMeCRUfAag1nTB8PbFaimDXYVB1ZpPdA6Viyh,0.00203928,So11111111111111111111111111111111111111112,NATIVE_TRANSFER
k3zQB1V2ghRpqYDC4wciQ2zKPa4jjspAdwp9NLL88D7UhqjvF3aT8vWM885G1WJ9DtaWsiUYizwTMGFGpvZskN5,2024-07-08T17:12:49Z,CpRUh4ho52Dg1vmLH1jqrarSrjRN7AP6V7BVMZYSCnQe,ndjGh8iMeCRUfAag1nTB8PbFaimDXYVB1ZpPdA6Viyh,0.00203928,So11111111111111111111111111111111111111112,NATIVE_TRANSFER
k3zQB1V2ghRpqYDC4wciQ2zKPa4jjspAdwp9NLL88D7UhqjvF3aT8vWM885G1WJ9DtaWsiUYizwTMGFGpvZskN5,2024-07-08T17:12:49Z,5cfhJekoVnLUPQUqZ6epmMDXCFLZ1yFYcSPnKZDNVBDd,ndjGh8iMeCRUfAag1nTB8PbFaimDXYVB1ZpPdA6Viyh,0.00203928,So11111111111111111111111111111111111111112,NATIVE_TRANSFER
k3zQB1V2ghRpqYDC4wciQ2zKPa4jjspAdwp9NLL88D7UhqjvF3aT8vWM885G1WJ9DtaWsiUYizwTMGFGpvZskN5,2024-07-08T17:12:49Z,HmSnLLnwyhksWAgQD88uqWa88hDt9SaP6LANdCZHUSWy,ndjGh8iMeCRUfAag1nTB8PbFaimDXYVB1ZpPdA6Viyh,0.00203928,So11111111111111111111111111111111111111112,NATIVE_TRANSFER
k3zQB1V2ghRpqYDC4wciQ2zKPa4jjspAdwp9NLL88D7UhqjvF3aT8vWM885G1WJ9DtaWsiUYizwTMGFGpvZskN5,2024-07-08T17:12:49Z,45ZMYxymiK5MJbZYfUfgCP4j8BM2GTwe5LYzebhfsBWt,ndjGh8iMeCRUfAag1nTB8PbFaimDXYVB1ZpPdA6Viyh,0.00203928,So11111111111111111111111111111111111111112,NATIVE_TRANSFER
k3zQB1V2ghRpqYDC4wciQ2zKPa4jjspAdwp9NLL88D7UhqjvF3aT8vWM885G1WJ9DtaWsiUYizwTMGFGpvZskN5,2024-07-08T17:12:49Z,5pBeUjym8i79qHzYz1azeq4NFbQirrtYGJ2YDeKbGh2X,ndjGh8iMeCRUfAag1nTB8PbFaimDXYVB1ZpPdA6Viyh,0.00203928,So11111111111111111111111111111111111111112,NATIVE_TRANSFER
5sDPkq5gT1MRsGnxUGwcBtgMbjqxSxQRS8LPBkKxgUXTaaNBgUijvfFi8ad8N2fHckMvUPuBo5Dyur5Do9oiskpz,2024-07-08T17:12:41Z,ndjGh8iMeCRUfAag1nTB8PbFaimDXYVB1ZpPdA6Viyh,CLAiMtZ6Up7LVVq6TGQwog2zZMoZDRWk11NWn989yHKz,0.009380688,So11111111111111111111111111111111111111112,NATIVE_TRANSFER
5sDPkq5gT1MRsGnxUGwcBtgMbjqxSxQRS8LPBkKxgUXTaaNBgUijvfFi8ad8N2fHckMvUPuBo5Dyur5Do9oiskpz,2024-07-08T17:12:41Z,3s39LdsfhuVEx6Em7MxfQttGBNkxVJYyTmVyVU6ESGyo,ndjGh8iMeCRUfAag1nTB8PbFaimDXYVB1ZpPdA6Viyh,0.00203928,So11111111111111111111111111111111111111112,NATIVE_TRANSFER
5sDPkq5gT1MRsGnxUGwcBtgMbjqxSxQRS8LPBkKxgUXTaaNBgUijvfFi8ad8N2fHckMvUPuBo5Dyur5Do9oiskpz,2024-07-08T17:12:41Z,4FyFrPn6da53D4B9xYF9immy3n7kvsWpumBfHGUC9i2L,ndjGh8iMeCRUfAag1nTB8PbFaimDXYVB1ZpPdA6Viyh,0.00203928,So11111111111111111111111111111111111111112,NATIVE_TRANSFER
5sDPkq5gT1MRsGnxUGwcBtgMbjqxSxQRS8LPBkKxgUXTaaNBgUijvfFi8ad8N2fHckMvUPuBo5Dyur5Do9oiskpz,2024-07-08T17:12:41Z,6NbmjGzJrhgVjQGEPeePyeCpphKX9WU2sjwsqKKA9CBc,ndjGh8iMeCRUfAag1nTB8PbFaimDXYVB1ZpPdA6Viyh,0.00203928,So11111111111111111111111111111111111111112,NATIVE_TRANSFER
5sDPkq5gT1MRsGnxUGwcBtgMbjqxSxQRS8LPBkKxgUXTaaNBgUijvfFi8ad8N2fHckMvUPuBo5Dyur5Do9oiskpz,2024-07-08T17:12:41Z,2yRvmFtRDzuGsE5s2Tc2vubb7RnBuy61sPC41Ka1erCo,ndjGh8iMeCRUfAag1nTB8PbFaimDXYVB1ZpPdA6Viyh,0.00203928,So11111111111111111111111111111111111111112,NATIVE_TRANSFER
5sDPkq5gT1MRsGnxUGwcBtgMbjqxSxQRS8LPBkKxgUXTaaNBgUijvfFi8ad8N2fHckMvUPuBo5Dyur5Do9oiskpz,2024-07-08T17:12:41Z,D7a7w3MbJtfxhToq9kxXrRKQp6Gv28HBxppDmpYER2ZS,ndjGh8iMeCRUfAag1nTB8PbFaimDXYVB1ZpPdA6Viyh,0.00203928,So11111111111111111111111111111111111111112,NATIVE_TRANSFER
5sDPkq5gT1MRsGnxUGwcBtgMbjqxSxQRS8LPBkKxgUXTaaNBgUijvfFi8ad8N2fHckMvUPuBo5Dyur5Do9oiskpz,2024-07-08T17:12:41Z,AUJky6dwv56F1RTY9Z4gLRG3co1kGkbPPxzG9EX9W1fV,ndjGh8iMeCRUfAag1nTB8PbFaimDXYVB1ZpPdA6Viyh,0.00203928,So11111111111111111111111111111111111111112,NATIVE_TRANSFER
5sDPkq5gT1MRsGnxUGwcBtgMbjqxSxQRS8LPBkKxgUXTaaNBgUijvfFi8ad8N2fHckMvUPuBo5Dyur5Do9oiskpz,2024-07-08T17:12:41Z,Bc6g3rptjUxs5v3mejKGSZD9Gpbefnu1swszcTQFjJ2s,ndjGh8iMeCRUfAag1nTB8PbFaimDXYVB1ZpPdA6Viyh,0.00203928,So11111111111111111111111111111111111111112,NATIVE_TRANSFER
5sDPkq5gT1MRsGnxUGwcBtgMbjqxSxQRS8LPBkKxgUXTaaNBgUijvfFi8ad8N2fHckMvUPuBo5Dyur5Do9oiskpz,2024-07-08T17:12:41Z,JDm9rqkQ2htYGhcBNJmzhxodiFCSUtgNFEHUEYLEc5qL,ndjGh8iMeCRUfAag1nTB8PbFaimDXYVB1ZpPdA6Viyh,0.00203928,So11111111111111111111111111111111111111112,NATIVE_TRANSFER
5sDPkq5gT1MRsGnxUGwcBtgMbjqxSxQRS8LPBkKxgUXTaaNBgUijvfFi8ad8N2fHckMvUPuBo5Dyur5Do9oiskpz,2024-07-08T17:12:41Z,316aDAYn5zDJoK3QW4LFqDZ69wJs5ZomYT7bwTu9ooqz,ndjGh8iMeCRUfAag1nTB8PbFaimDXYVB1ZpPdA6Viyh,0.00203928,So11111111111111111111111111111111111111112,NATIVE_TRANSFER
5sDPkq5gT1MRsGnxUGwcBtgMbjqxSxQRS8LPBkKxgUXTaaNBgUijvfFi8ad8N2fHckMvUPuBo5Dyur5Do9oiskpz,2024-07-08T17:12:41Z,CdHmzvzKK5BUBjH4U5D11wAsAXTKkFR9KYUjaTmtdWis,ndjGh8iMeCRUfAag1nTB8PbFaimDXYVB1ZpPdA6Viyh,0.00203928,So11111111111111111111111111111111111111112,NATIVE_TRANSFER
5sDPkq5gT1MRsGnxUGwcBtgMbjqxSxQRS8LPBkKxgUXTaaNBgUijvfFi8ad8N2fHckMvUPuBo5Dyur5Do9oiskpz,2024-07-08T17:12:41Z,HUoBnVC6sFAA6DGVD7ou8nFoERGSx5brVsqVSn5Cykez,ndjGh8iMeCRUfAag1nTB8PbFaimDXYVB1ZpPdA6Viyh,0.00203928,So11111111111111111111111111111111111111112,NATIVE_TRANSFER
5sDPkq5gT1MRsGnxUGwcBtgMbjqxSxQRS8LPBkKxgUXTaaNBgUijvfFi8ad8N2fHckMvUPuBo5Dyur5Do9oiskpz,2024-07-08T17:12:41Z,EBjjNhipsxrev8hwcphg7sfxYK5nBuYz2UJytgNhKeNs,ndjGh8iMeCRUfAag1nTB8PbFaimDXYVB1ZpPdA6Viyh,0.00203928,So11111111111111111111111111111111111111112,NATIVE_TRANSFER
5sDPkq5gT1MRsGnxUGwcBtgMbjqxSxQRS8LPBkKxgUXTaaNBgUijvfFi8ad8N2fHckMvUPuBo5Dyur5Do9oiskpz,2024-07-08T17:12:41Z,DKz36nYtGiMorVjvnP6MaCVHLNxx8ipvniCsrsuNXSU6,ndjGh8iMeCRUfAag1nTB8PbFaimDXYVB1ZpPdA6Viyh,0.00203928,So11111111111111111111111111111111111111112,NATIVE_TRANSFER
5sDPkq5gT1MRsGnxUGwcBtgMbjqxSxQRS8LPBkKxgUXTaaNBgUijvfFi8ad8N2fHckMvUPuBo5Dyur5Do9oiskpz,2024-07-08T17:12:41Z,CvELvbwzE9ea7jicuSHyJHiYv2ck42WwbEVUaJKww68B,ndjGh8iMeCRUfAag1nTB8PbFaimDXYVB1ZpPdA6Viyh,0.00203928,So11111111111111111111111111111111111111112,NATIVE_TRANSFER
5sDPkq5gT1MRsGnxUGwcBtgMbjqxSxQRS8LPBkKxgUXTaaNBgUijvfFi8ad8N2fHckMvUPuBo5Dyur5Do9oiskpz,2024-07-08T17:12:41Z,9vQ1jQtUZND7qrd6zBzCtJyU68yagw82uXkD4TTHhZps,ndjGh8iMeCRUfAag1nTB8PbFaimDXYVB1ZpPdA6Viyh,0.00203928,So11111111111111111111111111111111111111112,NATIVE_TRANSFER
5sDPkq5gT1MRsGnxUGwcBtgMbjqxSxQRS8LPBkKxgUXTaaNBgUijvfFi8ad8N2fHckMvUPuBo5Dyur5Do9oiskpz,2024-07-08T17:12:41Z,RXBm29s4AmFeurKKfoBJBTCvZCiCdjpG2t6CokUxhas,ndjGh8iMeCRUfAag1nTB8PbFaimDXYVB1ZpPdA6Viyh,0.00203928,So11111111111111111111111111111111111111112,NATIVE_TRANSFER
5sDPkq5gT1MRsGnxUGwcBtgMbjqxSxQRS8LPBkKxgUXTaaNBgUijvfFi8ad8N2fHckMvUPuBo5Dyur5Do9oiskpz,2024-07-08T17:12:41Z,35RTCGECQcdMDGoLgrWUaDYJ7CYsCbCBtvvGNDpHYLEM,ndjGh8iMeCRUfAag1nTB8PbFaimDXYVB1ZpPdA6Viyh,0.00203928,So11111111111111111111111111111111111111112,NATIVE_TRANSFER
5sDPkq5gT1MRsGnxUGwcBtgMbjqxSxQRS8LPBkKxgUXTaaNBgUijvfFi8ad8N2fHckMvUPuBo5Dyur5Do9oiskpz,2024-07-08T17:12:41Z,BjfwrBFaWjhFcxmH4jFncwEaKwB9qmWvzkpNwn5EUV1i,ndjGh8iMeCRUfAag1nTB8PbFaimDXYVB1ZpPdA6Viyh,0.00203928,So11111111111111111111111111111111111111112,NATIVE_TRANSFER
5sDPkq5gT1MRsGnxUGwcBtgMbjqxSxQRS8LPBkKxgUXTaaNBgUijvfFi8ad8N2fHckMvUPuBo5Dyur5Do9oiskpz,2024-07-08T17:12:41Z,EQcPuwfivLhsvKqv8pDhW2wVaL97sMaibjcUSqgksRvJ,ndjGh8iMeCRUfAag1nTB8PbFaimDXYVB1ZpPdA6Viyh,0.00203928,So11111111111111111111111111111111111111112,NATIVE_TRANSFER
5sDPkq5gT1MRsGnxUGwcBtgMbjqxSxQRS8LPBkKxgUXTaaNBgUijvfFi8ad8N2fHckMvUPuBo5Dyur5Do9oiskpz,2024-07-08T17:12:41Z,EBgVCP5xyC6g41n3qqdPJhBBQabjneojJPRERejgKriu,ndjGh8iMeCRUfAag1nTB8PbFaimDXYVB1ZpPdA6Viyh,0.00203928,So11111111111111111111111111111111111111112,NATIVE_TRANSFER
5sDPkq5gT1MRsGnxUGwcBtgMbjqxSxQRS8LPBkKxgUXTaaNBgUijvfFi8ad8N2fHckMvUPuBo5Dyur5Do9oiskpz,2024-07-08T17:12:41Z,5KN5H6oumB5E5CpJGpefdXapm4aW3qv6r11AM7p7ieKK,ndjGh8iMeCRUfAag1nTB8PbFaimDXYVB1ZpPdA6Viyh,0.00203928,So11111111111111111111111111111111111111112,NATIVE_TRANSFER
5sDPkq5gT1MRsGnxUGwcBtgMbjqxSxQRS8LPBkKxgUXTaaNBgUijvfFi8ad8N2fHckMvUPuBo5Dyur5Do9oiskpz,2024-07-08T17:12:41Z,GrShQMYq8kRrrCbFBhDUNQFkAg6nCtjtQVRvBobZeapj,ndjGh8iMeCRUfAag1nTB8PbFaimDXYVB1ZpPdA6Viyh,0.00203928,So11111111111111111111111111111111111111112,NATIVE_TRANSFER
5sDPkq5gT1MRsGnxUGwcBtgMbjqxSxQRS8LPBkKxgUXTaaNBgUijvfFi8ad8N2fHckMvUPuBo5Dyur5Do9oiskpz,2024-07-08T17:12:41Z,2jX9vnw7kUkTvS4fHPjgEtz43DBtpfraxMHn2qNAycpa,ndjGh8iMeCRUfAag1nTB8PbFaimDXYVB1ZpPdA6Viyh,0.00203928,So11111111111111111111111111111111111111112,NATIVE_TRANSFER
Qonwp2vdhzCe5t3g61qpiMrkvkMeD6ahDuX5qgBrnSrLJ6UfudMXEiy8PShjXFbQbVpSwyTrsgSXVmknJQYEEhA,2024-07-08T17:12:36Z,ndjGh8iMeCRUfAag1nTB8PbFaimDXYVB1ZpPdA6Viyh,CLAiMtZ6Up7LVVq6TGQwog2zZMoZDRWk11NWn989yHKz,0.009380688,So11111111111111111111111111111111111111112,NATIVE_TRANSFER
Qonwp2vdhzCe5t3g61qpiMrkvkMeD6ahDuX5qgBrnSrLJ6UfudMXEiy8PShjXFbQbVpSwyTrsgSXVmknJQYEEhA,2024-07-08T17:12:36Z,HsAWaYhpukivqTn95Zx8LLkWMUvzHj7djizkS81bUzQf,ndjGh8iMeCRUfAag1nTB8PbFaimDXYVB1ZpPdA6Viyh,0.00203928,So11111111111111111111111111111111111111112,NATIVE_TRANSFER
Qonwp2vdhzCe5t3g61qpiMrkvkMeD6ahDuX5qgBrnSrLJ6UfudMXEiy8PShjXFbQbVpSwyTrsgSXVmknJQYEEhA,2024-07-08T17:12:36Z,3aojCPJzF5m32ww7cgkVDqypn636McFPqMGarPqLQfiW,ndjGh8iMeCRUfAag1nTB8PbFaimDXYVB1ZpPdA6Viyh,0.00203928,So11111111111111111111111111111111111111112,NATIVE_TRANSFER
Qonwp2vdhzCe5t3g61qpiMrkvkMeD6ahDuX5qgBrnSrLJ6UfudMXEiy8PShjXFbQbVpSwyTrsgSXVmknJQYEEhA,2024-07-08T17:12:36Z,7QRiyCYXXQTtyqcjgC8EXT6HsgnZBGmqSrQdbBLcdYZh,ndjGh8iMeCRUfAag1nTB8PbFaimDXYVB1ZpPdA6Viyh,0.00203928,So11111111111111111111111111111111111111112,NATIVE_TRANSFER
Qonwp2vdhzCe5t3g61qpiMrkvkMeD6ahDuX5qgBrnSrLJ6UfudMXEiy8PShjXFbQbVpSwyTrsgSXVmknJQYEEhA,2024-07-08T17:12:36Z,77b6N71iXJ3nwYj5u8Sbj83vDdFxXjA7Lnz6QoxCPcE8,ndjGh8iMeCRUfAag1nTB8PbFaimDXYVB1ZpPdA6Viyh,0.00203928,So11111111111111111111111111111111111111112,NATIVE_TRANSFER
Qonwp2vdhzCe5t3g61qpiMrkvkMeD6ahDuX5qgBrnSrLJ6UfudMXEiy8PShjXFbQbVpSwyTrsgSXVmknJQYEEhA,2024-07-08T17:12:36Z,C7qbPcmxksWDs5TuVtQEgFekkUkVivKuosmys8qzw72w,ndjGh8iMeCRUfAag1nTB8PbFaimDXYVB1ZpPdA6Viyh,0.00203928,So11111111111111111111111111111111111111112,NATIVE_TRANSFER
Qonwp2vdhzCe5t3g61qpiMrkvkMeD6ahDuX5qgBrnSrLJ6UfudMXEiy8PShjXFbQbVpSwyTrsgSXVmknJQYEEhA,2024-07-08T17:12:36Z,4X8XFuNFA8Rh1zH8Mu7Lgmzu2EyWyBA35iki71Rqeodg,ndjGh8iMeCRUfAag1nTB8PbFaimDXYVB1ZpPdA6Viyh,0.00203928,So11111111111111111111111111111111111111112,NATIVE_TRANSFER
Qonwp2vdhzCe5t3g61qpiMrkvkMeD6ahDuX5qgBrnSrLJ6UfudMXEiy8PShjXFbQbVpSwyTrsgSXVmknJQYEEhA,2024-07-08T17:12:36Z,F34NQqMnmXo1L53wCoqLWW5zKN6ZbD7WZveZGp71QinG,ndjGh8iMeCRUfAag1nTB8PbFaimDXYVB1ZpPdA6Viyh,0.00203928,So11111111111111111111111111111111111111112,NATIVE_TRANSFER
Qonwp2vdhzCe5t3g61qpiMrkvkMeD6ahDuX5qgBrnSrLJ6UfudMXEiy8PShjXFbQbVpSwyTrsgSXVmknJQYEEhA,2024-07-08T17:12:36Z,DEpHV9iZNmpj5btSaGekuRpYgj8p5cvqAMig5WLxzdac,ndjGh8iMeCRUfAag1nTB8PbFaimDXYVB1ZpPdA6Viyh,0.00203928,So11111111111111111111111111111111111111112,NATIVE_TRANSFER
Qonwp2vdhzCe5t3g61qpiMrkvkMeD6ahDuX5qgBrnSrLJ6UfudMXEiy8PShjXFbQbVpSwyTrsgSXVmknJQYEEhA,2024-07-08T17:12:36Z,J6nFAJeieFz91jHuiVEB1SqHHV1Mhbr7LH9Q1oBW41gP,ndjGh8iMeCRUfAag1nTB8PbFaimDXYVB1ZpPdA6Viyh,0.00203928,So11111111111111111111111111111111111111112,NATIVE_TRANSFER
Qonwp2vdhzCe5t3g61qpiMrkvkMeD6ahDuX5qgBrnSrLJ6UfudMXEiy8PShjXFbQbVpSwyTrsgSXVmknJQYEEhA,2024-07-08T17:12:36Z,D8XWMkzNAtcvaTHqdYNhDpfyzXwBgvmfGQ79rv7SRann,ndjGh8iMeCRUfAag1nTB8PbFaimDXYVB1ZpPdA6Viyh,0.00203928,So11111111111111111111111111111111111111112,NATIVE_TRANSFER
Qonwp2vdhzCe5t3g61qpiMrkvkMeD6ahDuX5qgBrnSrLJ6UfudMXEiy8PShjXFbQbVpSwyTrsgSXVmknJQYEEhA,2024-07-08T17:12:36Z,BfqoDzawMLZQ4yJy2dhQJFZ8BwKxiWiokrmUGNekRiAt,ndjGh8iMeCRUfAag1nTB8PbFaimDXYVB1ZpPdA6Viyh,0.00203928,So11111111111111111111111111111111111111112,NATIVE_TRANSFER
Qonwp2vdhzCe5t3g61qpiMrkvkMeD6ahDuX5qgBrnSrLJ6UfudMXEiy8PShjXFbQbVpSwyTrsgSXVmknJQYEEhA,2024-07-08T17:12:36Z,3ynTVKnRL37EwU7DPj9YvQyjMpWyJHaMxZrqao2CMD1D,ndjGh8iMeCRUfAag1nTB8PbFaimDXYVB1ZpPdA6Viyh,0.00203928,So11111111111111111111111111111111111111112,NATIVE_TRANSFER
Qonwp2vdhzCe5t3g61qpiMrkvkMeD6ahDuX5qgBrnSrLJ6UfudMXEiy8PShjXFbQbVpSwyTrsgSXVmknJQYEEhA,2024-07-08T17:12:36Z,9WELkzUQZUaUmpcgJuHh5FyoNV2FZfLbTAqYvvMeWfyu,ndjGh8iMeCRUfAag1nTB8PbFaimDXYVB1ZpPdA6Viyh,0.00203928,So11111111111111111111111111111111111111112,NATIVE_TRANSFER
Qonwp2vdhzCe5t3g61qpiMrkvkMeD6ahDuX5qgBrnSrLJ6UfudMXEiy8PShjXFbQbVpSwyTrsgSXVmknJQYEEhA,2024-07-08T17:12:36Z,3L5AphqoY56uMEYW91ubGxNeR11Xo86BgavYrBv9bqXL,ndjGh8iMeCRUfAag1nTB8PbFaimDXYVB1ZpPdA6Viyh,0.00203928,So11111111111111111111111111111111111111112,NATIVE_TRANSFER
Qonwp2vdhzCe5t3g61qpiMrkvkMeD6ahDuX5qgBrnSrLJ6UfudMXEiy8PShjXFbQbVpSwyTrsgSXVmknJQYEEhA,2024-07-08T17:12:36Z,CdmCxd3pZd8ULT7Whq4EKM1AAUom79XsumeNfQzszh4n,ndjGh8iMeCRUfAag1nTB8PbFaimDXYVB1ZpPdA6Viyh,0.00203928,So11111111111111111111111111111111111111112,NATIVE_TRANSFER
Qonwp2vdhzCe5t3g61qpiMrkvkMeD6ahDuX5qgBrnSrLJ6UfudMXEiy8PShjXFbQbVpSwyTrsgSXVmknJQYEEhA,2024-07-08T17:12:36Z,DH44aThcxGsEjhFEJgLDrVJnSVX4zBwoHvszVVX8cT6a,ndjGh8iMeCRUfAag1nTB8PbFaimDXYVB1ZpPdA6Viyh,0.00203928,So11111111111111111111111111111111111111112,NATIVE_TRANSFER
Qonwp2vdhzCe5t3g61qpiMrkvkMeD6ahDuX5qgBrnSrLJ6UfudMXEiy8PShjXFbQbVpSwyTrsgSXVmknJQYEEhA,2024-07-08T17:12:36Z,uf8Y1zV5AEdMtmz2a4EBxn8ByuP34pznoL1vczhVfvE,ndjGh8iMeCRUfAag1nTB8PbFaimDXYVB1ZpPdA6Viyh,0.00203928,So11111111111111111111111111111111111111112,NATIVE_TRANSFER
Qonwp2vdhzCe5t3g61qpiMrkvkMeD6ahDuX5qgBrnSrLJ6UfudMXEiy8PShjXFbQbVpSwyTrsgSXVmknJQYEEhA,2024-07-08T17:12:36Z,3mvjGMqdaQseguQXoo7sDJyoDY9Qo73t9qYCHMuU6f2L,ndjGh8iMeCRUfAag1nTB8PbFaimDXYVB1ZpPdA6Viyh,0.00203928,So11111111111111111111111111111111111111112,NATIVE_TRANSFER
Qonwp2vdhzCe5t3g61qpiMrkvkMeD6ahDuX5qgBrnSrLJ6UfudMXEiy8PShjXFbQbVpSwyTrsgSXVmknJQYEEhA,2024-07-08T17:12:36Z,A1jWnzoYaAPfWjveRWyuMc4vw4PK1foHTMMGdgrURHJS,ndjGh8iMeCRUfAag1nTB8PbFaimDXYVB1ZpPdA6Viyh,0.00203928,So11111111111111111111111111111111111111112,NATIVE_TRANSFER
Qonwp2vdhzCe5t3g61qpiMrkvkMeD6ahDuX5qgBrnSrLJ6UfudMXEiy8PShjXFbQbVpSwyTrsgSXVmknJQYEEhA,2024-07-08T17:12:36Z,uZN1NeriE6HuqvSNNRUBFtjxtz6cwYxCB2LATW7Zom2,ndjGh8iMeCRUfAag1nTB8PbFaimDXYVB1ZpPdA6Viyh,0.00203928,So11111111111111111111111111111111111111112,NATIVE_TRANSFER
Qonwp2vdhzCe5t3g61qpiMrkvkMeD6ahDuX5qgBrnSrLJ6UfudMXEiy8PShjXFbQbVpSwyTrsgSXVmknJQYEEhA,2024-07-08T17:12:36Z,E1RveeEHXZcvZAV4oJdv6t9QjPgzHHKWB1THYtTxe5d5,ndjGh8iMeCRUfAag1nTB8PbFaimDXYVB1ZpPdA6Viyh,0.00203928,So11111111111111111111111111111111111111112,NATIVE_TRANSFER
Qonwp2vdhzCe5t3g61qpiMrkvkMeD6ahDuX5qgBrnSrLJ6UfudMXEiy8PShjXFbQbVpSwyTrsgSXVmknJQYEEhA,2024-07-08T17:12:36Z,GSBr2isjmfWLW1F1jqs5coa5nE41ZZcJTUZvJM4eziKh,ndjGh8iMeCRUfAag1nTB8PbFaimDXYVB1ZpPdA6Viyh,0.00203928,So11111111111111111111111111111111111111112,NATIVE_TRANSFER
Qonwp2vdhzCe5t3g61qpiMrkvkMeD6ahDuX5qgBrnSrLJ6UfudMXEiy8PShjXFbQbVpSwyTrsgSXVmknJQYEEhA,2024-07-08T17:12:36Z,AQZ4HLcZmd6Z5CnKhyERL3eSHKjUN8KYRaAupWG1dPB9,ndjGh8iMeCRUfAag1nTB8PbFaimDXYVB1ZpPdA6Viyh,0.00203928,So11111111111111111111111111111111111111112,NATIVE_TRANSFER
5unVXMUZYP6e93ezrqZvM2HUAs7A2p4uD6dGexTdnmN9pHgVvRxWzro8ZBzqsQmYJz5KF4gHcCEeKJDhfRrPw6kk,2024-07-08T17:12:25Z,ndjGh8iMeCRUfAag1nTB8PbFaimDXYVB1ZpPdA6Viyh,CLAiMtZ6Up7LVVq6TGQwog2zZMoZDRWk11NWn989yHKz,0.009380688,So11111111111111111111111111111111111111112,NATIVE_TRANSFER
5unVXMUZYP6e93ezrqZvM2HUAs7A2p4uD6dGexTdnmN9pHgVvRxWzro8ZBzqsQmYJz5KF4gHcCEeKJDhfRrPw6kk,2024-07-08T17:12:25Z,715KpUivhp9MNGbmNCff6zEvDNKU5SJMvLJ9fE1h7r2E,ndjGh8iMeCRUfAag1nTB8PbFaimDXYVB1ZpPdA6Viyh,0.00203928,So11111111111111111111111111111111111111112,NATIVE_TRANSFER
5unVXMUZYP6e93ezrqZvM2HUAs7A2p4uD6dGexTdnmN9pHgVvRxWzro8ZBzqsQmYJz5KF4gHcCEeKJDhfRrPw6kk,2024-07-08T17:12:25Z,DukhXCJzrnUgkuQgim7YKfpGsQVEJ2ex8KuN4oZotCfP,ndjGh8iMeCRUfAag1nTB8PbFaimDXYVB1ZpPdA6Viyh,0.00203928,So11111111111111111111111111111111111111112,NATIVE_TRANSFER
5unVXMUZYP6e93ezrqZvM2HUAs7A2p4uD6dGexTdnmN9pHgVvRxWzro8ZBzqsQmYJz5KF4gHcCEeKJDhfRrPw6kk,2024-07-08T17:12:25Z,DZWDYMFYqHBLGr76WDAB7GYFDDVHA3T7GiHXbUiXvLnH,ndjGh8iMeCRUfAag1nTB8PbFaimDXYVB1ZpPdA6Viyh,0.00203928,So11111111111111111111111111111111111111112,NATIVE_TRANSFER
5unVXMUZYP6e93ezrqZvM2HUAs7A2p4uD6dGexTdnmN9pHgVvRxWzro8ZBzqsQmYJz5KF4gHcCEeKJDhfRrPw6kk,2024-07-08T17:12:25Z,4SoPvttspnyGekQG61UhuB82Wg3hTs4g2LdkriaxHSHC,ndjGh8iMeCRUfAag1nTB8PbFaimDXYVB1ZpPdA6Viyh,0.00203928,So11111111111111111111111111111111111111112,NATIVE_TRANSFER
5unVXMUZYP6e93ezrqZvM2HUAs7A2p4uD6dGexTdnmN9pHgVvRxWzro8ZBzqsQmYJz5KF4gHcCEeKJDhfRrPw6kk,2024-07-08T17:12:25Z,62ikQuxhGY3pdf1ddLVPQ4CYtJJC83xpnWFWdaKphjsE,ndjGh8iMeCRUfAag1nTB8PbFaimDXYVB1ZpPdA6Viyh,0.00203928,So11111111111111111111111111111111111111112,NATIVE_TRANSFER
5unVXMUZYP6e93ezrqZvM2HUAs7A2p4uD6dGexTdnmN9pHgVvRxWzro8ZBzqsQmYJz5KF4gHcCEeKJDhfRrPw6kk,2024-07-08T17:12:25Z,86NFygNgMmwpBaHPnTnTPT8HrUiFM3SqRsaNJbnXhd7x,ndjGh8iMeCRUfAag1nTB8PbFaimDXYVB1ZpPdA6Viyh,0.00203928,So11111111111111111111111111111111111111112,NATIVE_TRANSFER
5unVXMUZYP6e93ezrqZvM2HUAs7A2p4uD6dGexTdnmN9pHgVvRxWzro8ZBzqsQmYJz5KF4gHcCEeKJDhfRrPw6kk,2024-07-08T17:12:25Z,8juFwPBi7wukbkCT3KapDqnBBBMea7cVymypCygdMXAS,ndjGh8iMeCRUfAag1nTB8PbFaimDXYVB1ZpPdA6Viyh,0.00203928,So11111111111111111111111111111111111111112,NATIVE_TRANSFER
5unVXMUZYP6e93ezrqZvM2HUAs7A2p4uD6dGexTdnmN9pHgVvRxWzro8ZBzqsQmYJz5KF4gHcCEeKJDhfRrPw6kk,2024-07-08T17:12:25Z,87ZmypewhVMY9CNdjaWNwAyrKaEWjBcVTj8jAqGaumT,ndjGh8iMeCRUfAag1nTB8PbFaimDXYVB1ZpPdA6Viyh,0.00203928,So11111111111111111111111111111111111111112,NATIVE_TRANSFER
5unVXMUZYP6e93ezrqZvM2HUAs7A2p4uD6dGexTdnmN9pHgVvRxWzro8ZBzqsQmYJz5KF4gHcCEeKJDhfRrPw6kk,2024-07-08T17:12:25Z,4x1oDbQFJCdN8sZNQX9L8utjQ5o2UhTwnujXrsBq9NJq,ndjGh8iMeCRUfAag1nTB8PbFaimDXYVB1ZpPdA6Viyh,0.00203928,So11111111111111111111111111111111111111112,NATIVE_TRANSFER
5unVXMUZYP6e93ezrqZvM2HUAs7A2p4uD6dGexTdnmN9pHgVvRxWzro8ZBzqsQmYJz5KF4gHcCEeKJDhfRrPw6kk,2024-07-08T17:12:25Z,gDvDjHYVAgyd8fgXzKrEAburmhDNKQoVmpbefCeFduS,ndjGh8iMeCRUfAag1nTB8PbFaimDXYVB1ZpPdA6Viyh,0.00203928,So11111111111111111111111111111111111111112,NATIVE_TRANSFER
5unVXMUZYP6e93ezrqZvM2HUAs7A2p4uD6dGexTdnmN9pHgVvRxWzro8ZBzqsQmYJz5KF4gHcCEeKJDhfRrPw6kk,2024-07-08T17:12:25Z,At8FFh532fTzF7KxLGfDJDxRwbRL1oHsjsi5ms7UA2k6,ndjGh8iMeCRUfAag1nTB8PbFaimDXYVB1ZpPdA6Viyh,0.00203928,So11111111111111111111111111111111111111112,NATIVE_TRANSFER
5unVXMUZYP6e93ezrqZvM2HUAs7A2p4uD6dGexTdnmN9pHgVvRxWzro8ZBzqsQmYJz5KF4gHcCEeKJDhfRrPw6kk,2024-07-08T17:12:25Z,5DqCV5ru6p7JMdtpfy1YPrNAfHjgyHQFn1vfcn9GzE3Z,ndjGh8iMeCRUfAag1nTB8PbFaimDXYVB1ZpPdA6Viyh,0.00203928,So11111111111111111111111111111111111111112,NATIVE_TRANSFER
5unVXMUZYP6e93ezrqZvM2HUAs7A2p4uD6dGexTdnmN9pHgVvRxWzro8ZBzqsQmYJz5KF4gHcCEeKJDhfRrPw6kk,2024-07-08T17:12:25Z,BihUQYa7HULKxoTrznywHiGZK3SkHT1By9eUJf4sPWr7,ndjGh8iMeCRUfAag1nTB8PbFaimDXYVB1ZpPdA6Viyh,0.00203928,So11111111111111111111111111111111111111112,NATIVE_TRANSFER
5unVXMUZYP6e93ezrqZvM2HUAs7A2p4uD6dGexTdnmN9pHgVvRxWzro8ZBzqsQmYJz5KF4gHcCEeKJDhfRrPw6kk,2024-07-08T17:12:25Z,FrKqftAvUHTfLe4gXuJgocwHKHgwZG14CdS5obDzWhfi,ndjGh8iMeCRUfAag1nTB8PbFaimDXYVB1ZpPdA6Viyh,0.00203928,So11111111111111111111111111111111111111112,NATIVE_TRANSFER
5unVXMUZYP6e93ezrqZvM2HUAs7A2p4uD6dGexTdnmN9pHgVvRxWzro8ZBzqsQmYJz5KF4gHcCEeKJDhfRrPw6kk,2024-07-08T17:12:25Z,59EaDfp7xsx2skKq3Bt5zUDRfdGF4y1GVNuzuR7CRe6W,ndjGh8iMeCRUfAag1nTB8PbFaimDXYVB1ZpPdA6Viyh,0.00203928,So11111111111111111111111111111111111111112,NATIVE_TRANSFER
5unVXMUZYP6e93ezrqZvM2HUAs7A2p4uD6dGexTdnmN9pHgVvRxWzro8ZBzqsQmYJz5KF4gHcCEeKJDhfRrPw6kk,2024-07-08T17:12:25Z,3u81Wpvqe6zA3pxr3JMR1cWLcSLGjB7aYXSscXhRo7La,ndjGh8iMeCRUfAag1nTB8PbFaimDXYVB1ZpPdA6Viyh,0.00203928,So11111111111111111111111111111111111111112,NATIVE_TRANSFER
5unVXMUZYP6e93ezrqZvM2HUAs7A2p4uD6dGexTdnmN9pHgVvRxWzro8ZBzqsQmYJz5KF4gHcCEeKJDhfRrPw6kk,2024-07-08T17:12:25Z,6FhygXFaBR7AYVP8NBpcnPaVRvggjiMTWenybYZLGcx9,ndjGh8iMeCRUfAag1nTB8PbFaimDXYVB1ZpPdA6Viyh,0.00203928,So11111111111111111111111111111111111111112,NATIVE_TRANSFER
5unVXMUZYP6e93ezrqZvM2HUAs7A2p4uD6dGexTdnmN9pHgVvRxWzro8ZBzqsQmYJz5KF4gHcCEeKJDhfRrPw6kk,2024-07-08T17:12:25Z,BeKctZghWHCPo8zPREnrqaLojTUxS4Ufo6KxfyfWBwPJ,ndjGh8iMeCRUfAag1nTB8PbFaimDXYVB1ZpPdA6Viyh,0.00203928,So11111111111111111111111111111111111111112,NATIVE_TRANSFER
5unVXMUZYP6e93ezrqZvM2HUAs7A2p4uD6dGexTdnmN9pHgVvRxWzro8ZBzqsQmYJz5KF4gHcCEeKJDhfRrPw6kk,2024-07-08T17:12:25Z,DDA5geP4fEa3vUNkFcrodGCNiMCE8sJ9svRf9tiQ8rMu,ndjGh8iMeCRUfAag1nTB8PbFaimDXYVB1ZpPdA6Viyh,0.00203928,So11111111111111111111111111111111111111112,NATIVE_TRANSFER
5unVXMUZYP6e93ezrqZvM2HUAs7A2p4uD6dGexTdnmN9pHgVvRxWzro8ZBzqsQmYJz5KF4gHcCEeKJDhfRrPw6kk,2024-07-08T17:12:25Z,Ef2fKR9K3soCne6TA7K1m8BiTfdsaVWAjFja1eqmXjkm,ndjGh8iMeCRUfAag1nTB8PbFaimDXYVB1ZpPdA6Viyh,0.00203928,So11111111111111111111111111111111111111112,NATIVE_TRANSFER
5unVXMUZYP6e93ezrqZvM2HUAs7A2p4uD6dGexTdnmN9pHgVvRxWzro8ZBzqsQmYJz5KF4gHcCEeKJDhfRrPw6kk,2024-07-08T17:12:25Z,8LF8SCaVReUpYSrzX2tAhH8D3TrH2GgeNk68PF8Znk98,ndjGh8iMeCRUfAag1nTB8PbFaimDXYVB1ZpPdA6Viyh,0.00203928,So11111111111111111111111111111111111111112,NATIVE_TRANSFER
5unVXMUZYP6e93ezrqZvM2HUAs7A2p4uD6dGexTdnmN9pHgVvRxWzro8ZBzqsQmYJz5KF4gHcCEeKJDhfRrPw6kk,2024-07-08T17:12:25Z,81zFYQhW9Ex2BVHohfnEHByiT72VVrVNhJNG2H4dsNUf,ndjGh8iMeCRUfAag1nTB8PbFaimDXYVB1ZpPdA6Viyh,0.00203928,So11111111111111111111111111111111111111112,NATIVE_TRANSFER
5unVXMUZYP6e93ezrqZvM2HUAs7A2p4uD6dGexTdnmN9pHgVvRxWzro8ZBzqsQmYJz5KF4gHcCEeKJDhfRrPw6kk,2024-07-08T17:12:25Z,Ew75qC8WNyTm3ohRu37BX5LDHoiSxkjTnoTyjAsodeSG,ndjGh8iMeCRUfAag1nTB8PbFaimDXYVB1ZpPdA6Viyh,0.00203928,So11111111111111111111111111111111111111112,NATIVE_TRANSFER
66fNLQD5qqcTTGSsc2hTwk7S9PF5gPPYRPw2LmnnUXdRampm55Ah6g6d6GGtiSavGzycgnYHXyFH89fR32jUTdto,2024-07-02T18:06:32Z,ndjGh8iMeCRUfAag1nTB8PbFaimDXYVB1ZpPdA6Viyh,BhwKZ3wucLRseyTxFLnKybo7rfjPujDWS2Np1e6W7GEV,303,EPjFWdd5AufqSSqeM2qN1xzybapC8G4wEGGkZwyTDt1v,TOKEN_TRANSFER
wFb4gaxQuFRVDD4eurKFp6jquKiddExZXwmy68Nh1VNFQwymfNn8RV8eFxaSv4T6NaGs7qs3gCEztGWynCSULio,2024-07-02T17:59:03Z,ndjGh8iMeCRUfAag1nTB8PbFaimDXYVB1ZpPdA6Viyh,BhwKZ3wucLRseyTxFLnKybo7rfjPujDWS2Np1e6W7GEV,2327,EPjFWdd5AufqSSqeM2qN1xzybapC8G4wEGGkZwyTDt1v,TOKEN_TRANSFER
wyjeidNyzDmoXEDnacPvMF2aXRRJXBTdR6PQ7s7Y4t7LSmjBc8RRGXeVqfcGLtFLBRTV4MGtvt4hzoQVer4Pi4R,2024-07-02T17:58:42Z,Habp5bncMSsBC3vkChyebepym5dcTNRYeg2LVG464E96,6vWUJGXxvdEaeTrumeaDmtCxTLqRxcr63HG4HUSgztDW,1e-07,So11111111111111111111111111111111111111112,NATIVE_TRANSFER
wyjeidNyzDmoXEDnacPvMF2aXRRJXBTdR6PQ7s7Y4t7LSmjBc8RRGXeVqfcGLtFLBRTV4MGtvt4hzoQVer4Pi4R,2024-07-02T17:58:42Z,Habp5bncMSsBC3vkChyebepym5dcTNRYeg2LVG464E96,FVy7pqtv1bVDZjE4AEbgXPKpr17zyDat2LYWf95TUnQa,1e-07,So11111111111111111111111111111111111111112,NATIVE_TRANSFER
wyjeidNyzDmoXEDnacPvMF2aXRRJXBTdR6PQ7s7Y4t7LSmjBc8RRGXeVqfcGLtFLBRTV4MGtvt4hzoQVer4Pi4R,2024-07-02T17:58:42Z,Habp5bncMSsBC3vkChyebepym5dcTNRYeg2LVG464E96,GMckvS4kK3mcyTgHekWHywHTtW7yU4JJTmwY7X8wKCgU,1e-07,So11111111111111111111111111111111111111112,NATIVE_TRANSFER
wyjeidNyzDmoXEDnacPvMF2aXRRJXBTdR6PQ7s7Y4t7LSmjBc8RRGXeVqfcGLtFLBRTV4MGtvt4hzoQVer4Pi4R,2024-07-02T17:58:42Z,Habp5bncMSsBC3vkChyebepym5dcTNRYeg2LVG464E96,969AhTGrD4RewVLr8KABjThoRMXJAESM8gjwLevw3tLt,1e-07,So11111111111111111111111111111111111111112,NATIVE_TRANSFER
wyjeidNyzDmoXEDnacPvMF2aXRRJXBTdR6PQ7s7Y4t7LSmjBc8RRGXeVqfcGLtFLBRTV4MGtvt4hzoQVer4Pi4R,2024-07-02T17:58:42Z,Habp5bncMSsBC3vkChyebepym5dcTNRYeg2LVG464E96,ndjGh8iMeCRUfAag1nTB8PbFaimDXYVB1ZpPdA6Viyh,1e-07,So11111111111111111111111111111111111111112,NATIVE_TRANSFER
5eXBtq4Vdnfbo1s8DxQU1yyEusJkxo7TWB2ayyB4JjPMPHBqP5WqbpBsnNFtfdDRBxae4NxgTdYrbH26gczQX113,2024-07-02T17:58:12Z,Habp5bncMSsBC3vkChyebepym5dcTNRYeg2LVG464E96,SvuLFMNNzxLWqyWujP3mF8f4wLjeKY677WtUi6HVg2u,1e-07,So11111111111111111111111111111111111111112,NATIVE_TRANSFER
5eXBtq4Vdnfbo1s8DxQU1yyEusJkxo7TWB2ayyB4JjPMPHBqP5WqbpBsnNFtfdDRBxae4NxgTdYrbH26gczQX113,2024-07-02T17:58:12Z,Habp5bncMSsBC3vkChyebepym5dcTNRYeg2LVG464E96,qDXUuA1QFbREvcTWCqU6tW3tuVUZVCfieWnA315L3eq,1e-07,So11111111111111111111111111111111111111112,NATIVE_TRANSFER
5eXBtq4Vdnfbo1s8DxQU1yyEusJkxo7TWB2ayyB4JjPMPHBqP5WqbpBsnNFtfdDRBxae4NxgTdYrbH26gczQX113,2024-07-02T17:58:12Z,Habp5bncMSsBC3vkChyebepym5dcTNRYeg2LVG464E96,EUDEfGfcoTMxMb2TkyDo7r7UzxZ6r2pL5YsrzyYn4pmJ,1e-07,So11111111111111111111111111111111111111112,NATIVE_TRANSFER
5eXBtq4Vdnfbo1s8DxQU1yyEusJkxo7TWB2ayyB4JjPMPHBqP5WqbpBsnNFtfdDRBxae4NxgTdYrbH26gczQX113,2024-07-02T17:58:12Z,Habp5bncMSsBC3vkChyebepym5dcTNRYeg2LVG464E96,AZD88xnhA81q9tvFnyYcCoTV8zefk6pum4NZSz99k3Ee,1e-07,So11111111111111111111111111111111111111112,NATIVE_TRANSFER
5eXBtq4Vdnfbo1s8DxQU1yyEusJkxo7TWB2ayyB4JjPMPHBqP5WqbpBsnNFtfdDRBxae4NxgTdYrbH26gczQX113,2024-07-02T17:58:12Z,Habp5bncMSsBC3vkChyebepym5dcTNRYeg2LVG464E96,ndjGh8iMeCRUfAag1nTB8PbFaimDXYVB1ZpPdA6Viyh,1e-07,So11111111111111111111111111111111111111112,NATIVE_TRANSFER
5wNZK2A527r6nFTRspQxyiwjYT4tEPsVGBuK7uKaCKNAUFDdEc5543GMppxexJfGkNHqtXSkwvkYVqwRPfcYQM2V,2024-07-02T17:58:07Z,FLiPggWYQyKVTULFWMQjAk26JfK5XRCajfyTmD5weaZ7,6vWUJGXxvdEaeTrumeaDmtCxTLqRxcr63HG4HUSgztDW,1e-07,So11111111111111111111111111111111111111112,NATIVE_TRANSFER
5wNZK2A527r6nFTRspQxyiwjYT4tEPsVGBuK7uKaCKNAUFDdEc5543GMppxexJfGkNHqtXSkwvkYVqwRPfcYQM2V,2024-07-02T17:58:07Z,FLiPggWYQyKVTULFWMQjAk26JfK5XRCajfyTmD5weaZ7,FVy7pqtv1bVDZjE4AEbgXPKpr17zyDat2LYWf95TUnQa,1e-07,So11111111111111111111111111111111111111112,NATIVE_TRANSFER
5wNZK2A527r6nFTRspQxyiwjYT4tEPsVGBuK7uKaCKNAUFDdEc5543GMppxexJfGkNHqtXSkwvkYVqwRPfcYQM2V,2024-07-02T17:58:07Z,FLiPggWYQyKVTULFWMQjAk26JfK5XRCajfyTmD5weaZ7,GMckvS4kK3mcyTgHekWHywHTtW7yU4JJTmwY7X8wKCgU,1e-07,So11111111111111111111111111111111111111112,NATIVE_TRANSFER
5wNZK2A527r6nFTRspQxyiwjYT4tEPsVGBuK7uKaCKNAUFDdEc5543GMppxexJfGkNHqtXSkwvkYVqwRPfcYQM2V,2024-07-02T17:58:07Z,FLiPggWYQyKVTULFWMQjAk26JfK5XRCajfyTmD5weaZ7,969AhTGrD4RewVLr8KABjThoRMXJAESM8gjwLevw3tLt,1e-07,So11111111111111111111111111111111111111112,NATIVE_TRANSFER
5wNZK2A527r6nFTRspQxyiwjYT4tEPsVGBuK7uKaCKNAUFDdEc5543GMppxexJfGkNHqtXSkwvkYVqwRPfcYQM2V,2024-07-02T17:58:07Z,FLiPggWYQyKVTULFWMQjAk26JfK5XRCajfyTmD5weaZ7,ndjGh8iMeCRUfAag1nTB8PbFaimDXYVB1ZpPdA6Viyh,1e-07,So11111111111111111111111111111111111111112,NATIVE_TRANSFER
47CvvkC2bbE1bUz82mZoouWfynVS4kA6J7WXeHBPkiGw1JzuipKMnpsttGsiJjjFsRaCu6ks9dEU6jcrCWcgHhuH,2024-07-02T17:57:54Z,FLiPggWYQyKVTULFWMQjAk26JfK5XRCajfyTmD5weaZ7,SvuLFMNNzxLWqyWujP3mF8f4wLjeKY677WtUi6HVg2u,1e-07,So11111111111111111111111111111111111111112,NATIVE_TRANSFER
47CvvkC2bbE1bUz82mZoouWfynVS4kA6J7WXeHBPkiGw1JzuipKMnpsttGsiJjjFsRaCu6ks9dEU6jcrCWcgHhuH,2024-07-02T17:57:54Z,FLiPggWYQyKVTULFWMQjAk26JfK5XRCajfyTmD5weaZ7,qDXUuA1QFbREvcTWCqU6tW3tuVUZVCfieWnA315L3eq,1e-07,So11111111111111111111111111111111111111112,NATIVE_TRANSFER
47CvvkC2bbE1bUz82mZoouWfynVS4kA6J7WXeHBPkiGw1JzuipKMnpsttGsiJjjFsRaCu6ks9dEU6jcrCWcgHhuH,2024-07-02T17:57:54Z,FLiPggWYQyKVTULFWMQjAk26JfK5XRCajfyTmD5weaZ7,EUDEfGfcoTMxMb2TkyDo7r7UzxZ6r2pL5YsrzyYn4pmJ,1e-07,So11111111111111111111111111111111111111112,NATIVE_TRANSFER
47CvvkC2bbE1bUz82mZoouWfynVS4kA6J7WXeHBPkiGw1JzuipKMnpsttGsiJjjFsRaCu6ks9dEU6jcrCWcgHhuH,2024-07-02T17:57:54Z,FLiPggWYQyKVTULFWMQjAk26JfK5XRCajfyTmD5weaZ7,AZD88xnhA81q9tvFnyYcCoTV8zefk6pum4NZSz99k3Ee,1e-07,So11111111111111111111111111111111111111112,NATIVE_TRANSFER
47CvvkC2bbE1bUz82mZoouWfynVS4kA6J7WXeHBPkiGw1JzuipKMnpsttGsiJjjFsRaCu6ks9dEU6jcrCWcgHhuH,2024-07-02T17:57:54Z,FLiPggWYQyKVTULFWMQjAk26JfK5XRCajfyTmD5weaZ7,ndjGh8iMeCRUfAag1nTB8PbFaimDXYVB1ZpPdA6Viyh,1e-07,So11111111111111111111111111111111111111112,NATIVE_TRANSFER
